frame,time,id,cls,conf,x1,y1,x2,y2,cx,cy,lane,speed_kmh
0,0.00,1,camping car,0.37,1612.3,331.4,1767.9,381.1,1690.1,356.3,4,0.0
7,0.23,6,car,0.55,0.2,683.1,52.7,738.0,26.5,710.6,9,0.0
8,0.27,6,car,0.64,0.0,683.4,62.8,736.4,31.4,709.9,9,29.4
9,0.30,6,car,0.61,0.0,682.8,76.2,735.5,38.1,709.2,9,34.6
10,0.33,6,car,0.71,0.0,678.8,90.2,735.7,45.1,707.2,9,37.2
11,0.37,6,car,0.72,0.0,678.4,102.6,736.6,51.3,707.5,9,36.9
12,0.40,6,van,0.36,0.0,679.2,115.4,738.6,57.7,708.9,9,36.9
13,0.43,6,car,0.43,0.0,677.7,127.8,744.5,63.9,711.1,9,36.8
14,0.47,6,car,0.35,0.3,678.6,139.9,746.0,70.1,712.3,9,36.8
30,1.00,10,car,0.52,153.8,674.7,337.7,716.5,245.7,695.6,8,0.0
31,1.03,10,car,0.39,166.7,675.4,348.5,716.2,257.6,695.8,8,69.8
32,1.07,10,car,0.57,181.4,674.3,362.8,718.0,272.1,696.2,9,77.8
33,1.10,10,car,0.39,190.2,674.7,374.2,720.3,282.2,697.5,9,71.7
34,1.13,10,car,0.50,205.2,675.0,386.1,720.0,295.7,697.5,9,73.7
36,1.20,10,car,0.41,229.3,675.8,411.1,721.3,320.2,698.5,9,73.3
38,1.27,10,car,0.31,255.8,675.6,428.7,719.1,342.2,697.4,9,71.2
39,1.30,10,car,0.46,268.9,675.6,448.8,719.2,358.8,697.4,9,74.1
41,1.37,10,car,0.53,296.7,676.1,479.6,719.1,388.1,697.6,9,76.4
42,1.40,10,car,0.46,307.6,673.6,493.2,718.4,400.4,696.0,9,76.0
43,1.44,10,car,0.43,323.7,674.4,507.2,717.7,415.4,696.1,9,77.0
44,1.47,10,car,0.47,336.2,675.3,518.8,718.6,427.5,696.9,9,76.6
45,1.50,10,car,0.44,349.7,675.4,528.3,717.5,439.0,696.5,9,76.0
46,1.54,10,car,0.48,361.1,675.9,543.0,720.1,452.0,698.0,9,76.1
47,1.57,10,car,0.64,374.6,675.4,554.2,721.1,464.4,698.2,9,76.3
48,1.60,10,car,0.66,388.0,675.4,564.9,721.0,476.5,698.2,9,75.3
49,1.64,10,car,0.58,401.3,676.2,580.2,720.4,490.8,698.3,9,76.9
50,1.67,10,car,0.46,413.9,676.1,593.8,718.9,503.8,697.5,9,76.8
51,1.70,10,car,0.46,427.3,676.9,602.1,719.2,514.7,698.0,9,76.5
52,1.74,10,car,0.44,438.8,676.6,618.5,720.4,528.6,698.5,9,78.5
53,1.77,10,car,0.54,451.2,677.0,626.3,719.3,538.8,698.1,9,75.8
54,1.80,10,car,0.66,465.3,677.7,645.3,719.8,555.3,698.8,9,75.9
55,1.84,10,car,0.64,478.6,677.1,658.8,720.0,568.7,698.5,9,76.4
56,1.87,10,car,0.62,494.1,676.8,674.0,718.9,584.0,697.9,9,76.5
57,1.90,10,car,0.63,504.8,676.6,686.8,720.5,595.8,698.5,9,76.4
58,1.94,10,car,0.52,520.3,676.4,699.1,719.8,609.7,698.1,9,77.5
59,1.97,10,car,0.45,531.1,674.8,712.5,726.2,621.8,700.5,9,77.1
60,2.00,10,car,0.42,545.4,675.2,725.2,727.5,635.3,701.4,9,77.6
61,2.04,10,car,0.53,558.7,674.9,735.9,731.6,647.3,703.2,9,77.6
62,2.07,10,car,0.48,570.8,673.3,749.7,729.6,660.3,701.5,9,76.9
63,2.10,10,car,0.45,586.0,673.6,760.8,729.8,673.4,701.7,9,77.0
64,2.14,10,car,0.61,597.5,673.1,777.6,731.2,687.6,702.1,9,78.5
65,2.17,10,car,0.45,612.8,673.7,787.7,729.0,700.2,701.4,9,77.9
66,2.20,10,car,0.48,624.9,672.9,800.9,730.7,712.9,701.8,9,79.1
67,2.24,10,car,0.46,639.5,673.8,811.7,728.3,725.6,701.1,9,77.3
68,2.27,10,car,0.50,651.9,674.1,826.8,726.7,739.3,700.4,9,77.4
69,2.30,10,car,0.49,665.6,674.2,839.3,725.9,752.4,700.0,9,76.4
71,2.37,10,car,0.31,692.2,674.6,869.1,727.3,780.7,700.9,9,77.9
73,2.44,10,car,0.41,718.9,675.1,897.1,728.3,808.0,701.7,9,78.0
75,2.50,10,car,0.35,744.1,674.8,923.1,733.1,833.6,704.0,9,78.1
76,2.54,10,car,0.50,757.2,673.0,933.6,734.2,845.4,703.6,9,77.5
77,2.57,10,car,0.54,771.1,671.4,948.3,742.5,859.7,707.0,9,78.3
78,2.60,10,car,0.50,784.7,671.0,959.7,743.0,872.2,707.0,9,78.2
87,2.90,10,van,0.39,901.4,677.0,1077.0,738.6,989.2,707.8,9,77.6
89,2.97,10,van,0.33,928.6,680.7,1105.5,737.0,1017.0,708.9,9,77.8
93,3.10,10,car,0.38,983.2,681.0,1160.4,735.4,1071.8,708.2,9,78.3
100,3.34,10,car,0.30,1074.7,689.1,1253.1,740.9,1163.9,715.0,9,78.3
101,3.37,10,car,0.37,1088.9,689.3,1262.9,739.0,1175.9,714.2,9,78.2
104,3.47,10,van,0.34,1130.0,682.9,1306.7,737.3,1218.3,710.1,9,78.5
107,3.57,10,car,0.39,1169.5,676.0,1348.9,738.1,1259.2,707.1,9,78.7
112,3.74,10,car,0.44,1238.6,684.6,1411.3,741.2,1324.9,712.9,9,78.3
113,3.77,40,car,0.52,1332.9,241.0,1405.4,305.2,1369.1,273.1,2,0.0
114,3.80,40,car,0.47,1318.9,240.7,1389.0,304.8,1353.9,272.8,2,89.7
115,3.84,40,car,0.52,1300.1,240.6,1370.9,302.7,1335.5,271.7,2,99.4
115,3.84,10,car,0.63,1278.2,684.6,1453.6,741.8,1365.9,713.2,9,78.4
116,3.87,40,car,0.41,1283.1,243.2,1354.2,304.0,1318.7,273.6,2,99.3
116,3.87,10,car,0.38,1288.3,687.2,1472.4,738.1,1380.3,712.6,9,78.7
117,3.90,40,car,0.41,1267.4,241.4,1337.1,304.0,1302.3,272.7,2,98.6
117,3.90,10,car,0.51,1302.3,685.2,1483.2,741.6,1392.7,713.4,9,78.8
117,3.90,43,car,0.50,968.0,354.4,1049.5,436.3,1008.8,395.3,4,0.0
118,3.94,10,car,0.54,1315.7,687.9,1499.0,737.7,1407.3,712.8,9,78.8
119,3.97,10,car,0.44,1330.6,689.5,1513.4,735.5,1422.0,712.5,9,79.1
121,4.04,10,car,0.50,1358.7,689.1,1541.1,735.0,1449.9,712.1,9,79.9
122,4.07,10,car,0.34,1373.7,686.8,1554.5,735.1,1464.1,710.9,9,79.9
122,4.07,40,car,0.39,1187.4,238.4,1257.0,304.6,1222.2,271.5,2,96.3
123,4.10,40,car,0.39,1173.7,235.7,1241.7,305.4,1207.7,270.6,2,95.3
125,4.17,40,car,0.33,1142.0,238.4,1209.4,302.5,1175.7,270.4,2,95.1
126,4.20,40,car,0.37,1126.1,237.9,1195.0,306.7,1160.5,272.3,2,94.7
127,4.24,40,car,0.50,1108.0,238.6,1180.6,306.7,1144.3,272.7,2,94.7
127,4.24,45,car,0.57,333.5,640.8,393.4,715.6,363.5,678.2,8,0.0
128,4.27,40,car,0.47,1091.0,237.6,1163.4,305.2,1127.2,271.4,2,95.2
128,4.27,45,car,0.52,344.0,640.8,406.9,715.5,375.4,678.1,8,70.3
128,4.27,10,car,0.39,1454.4,685.9,1637.3,737.7,1545.9,711.8,9,79.9
129,4.31,40,car,0.55,1076.6,236.4,1148.3,307.7,1112.5,272.0,2,94.6
129,4.31,45,car,0.57,358.4,640.2,420.2,716.6,389.3,678.4,8,76.1
129,4.31,10,car,0.31,1465.4,683.1,1647.5,737.2,1556.4,710.2,9,79.8
130,4.34,40,car,0.47,1061.9,238.3,1134.3,308.6,1098.1,273.4,2,94.1
130,4.34,45,car,0.40,373.3,640.5,435.4,715.9,404.3,678.2,8,80.3
131,4.37,40,car,0.45,1045.6,244.1,1115.5,306.4,1080.5,275.3,2,94.6
132,4.41,40,car,0.33,1030.4,243.1,1099.6,310.1,1065.0,276.6,2,94.7
132,4.41,45,car,0.51,403.5,641.1,464.7,708.1,434.1,674.6,8,83.4
133,4.44,40,car,0.49,1012.4,241.2,1084.9,308.8,1048.7,275.0,2,94.0
134,4.47,10,truck,0.31,1534.7,686.1,1717.6,740.0,1626.1,713.0,9,80.5
134,4.47,45,car,0.38,435.2,643.7,490.2,707.4,462.7,675.6,8,83.6
135,4.51,10,car,0.41,1547.9,688.2,1733.8,738.1,1640.9,713.2,9,80.4
135,4.51,40,car,0.36,983.9,240.4,1053.2,315.0,1018.6,277.7,2,93.2
136,4.54,10,truck,0.30,1556.5,686.9,1744.9,738.4,1650.7,712.7,9,79.7
136,4.54,40,car,0.50,966.8,238.9,1036.2,309.7,1001.5,274.3,2,93.4
137,4.57,10,truck,0.34,1568.5,686.4,1759.2,737.6,1663.8,712.0,9,80.0
137,4.57,40,car,0.43,952.2,243.3,1022.7,310.9,987.4,277.1,2,92.4
137,4.57,49,car,0.49,1851.6,257.9,1919.6,307.5,1885.6,282.7,2,0.0
138,4.61,10,truck,0.31,1583.1,687.1,1773.3,737.4,1678.2,712.3,9,80.1
138,4.61,40,car,0.53,937.7,242.6,1007.5,314.7,972.6,278.7,2,92.5
138,4.61,49,car,0.42,1836.7,260.8,1915.5,305.1,1876.1,282.9,2,56.2
139,4.64,40,car,0.52,919.2,243.0,990.8,311.0,955.0,277.0,2,93.0
139,4.64,45,car,0.32,508.6,644.6,561.0,710.1,534.8,677.4,8,84.2
140,4.67,40,car,0.51,905.4,243.2,975.2,309.7,940.3,276.4,2,92.8
140,4.67,10,car,0.39,1612.9,686.1,1804.6,740.1,1708.8,713.1,9,80.7
141,4.71,40,car,0.51,891.0,244.2,961.1,314.7,926.1,279.5,2,92.0
141,4.71,10,car,0.38,1627.9,686.5,1815.4,741.5,1721.6,714.0,9,80.8
141,4.71,45,car,0.59,534.3,643.7,592.6,713.4,563.5,678.6,8,84.3
142,4.74,40,car,0.46,873.4,245.4,943.3,314.0,908.4,279.7,2,92.3
142,4.74,10,car,0.47,1640.9,687.3,1831.0,740.0,1735.9,713.7,9,80.8
142,4.74,56,car,0.42,1850.1,358.0,1920.0,425.1,1885.1,391.6,4,0.0
142,4.74,45,car,0.58,547.7,644.0,607.0,715.0,577.3,679.5,8,84.1
143,4.77,40,car,0.50,858.8,248.1,926.7,313.4,892.8,280.8,2,92.6
143,4.77,10,car,0.55,1652.1,683.9,1842.7,740.1,1747.4,712.0,9,80.0
143,4.77,56,car,0.37,1833.4,362.7,1916.8,424.8,1875.1,393.7,4,60.3
143,4.77,45,car,0.53,562.8,643.7,620.2,714.8,591.5,679.2,8,84.1
143,4.77,57,car,0.58,1754.7,257.7,1827.8,315.1,1791.3,286.4,2,0.0
144,4.81,40,car,0.52,843.9,247.9,910.0,311.9,876.9,279.9,2,93.2
144,4.81,10,car,0.41,1667.3,682.7,1859.8,740.4,1763.5,711.5,9,80.4
144,4.81,45,car,0.57,577.8,643.6,634.0,711.7,605.9,677.7,8,84.1
144,4.81,57,car,0.47,1737.6,257.9,1812.6,313.9,1775.1,285.9,2,95.3
145,4.84,40,car,0.44,825.9,249.0,894.7,312.9,860.3,281.0,2,92.8
145,4.84,10,car,0.53,1677.9,681.7,1875.2,740.6,1776.5,711.2,9,80.1
145,4.84,45,car,0.45,591.4,643.9,649.4,712.0,620.4,678.0,8,84.2
145,4.84,57,car,0.55,1721.2,256.3,1793.1,313.6,1757.1,284.9,2,100.8
145,4.84,56,car,0.54,1798.1,364.4,1883.8,422.7,1840.9,393.5,4,86.8
146,4.87,40,car,0.53,812.3,249.8,877.1,309.6,844.7,279.7,2,92.8
146,4.87,10,car,0.32,1692.5,682.3,1889.0,741.5,1790.8,711.9,9,80.3
146,4.87,45,car,0.38,606.3,643.3,660.7,709.9,633.5,676.6,8,83.8
146,4.87,57,car,0.52,1705.8,253.9,1776.4,312.6,1741.1,283.3,2,98.7
146,4.87,56,car,0.43,1781.1,362.4,1867.8,423.7,1824.4,393.0,4,89.4
147,4.91,40,car,0.49,797.9,248.5,860.5,315.3,829.2,281.9,2,92.5
147,4.91,10,car,0.44,1706.3,680.6,1903.4,740.9,1804.9,710.8,9,81.4
147,4.91,45,car,0.58,621.0,644.6,677.1,714.0,649.0,679.3,8,84.2
147,4.91,57,car,0.44,1687.3,256.1,1759.3,312.0,1723.3,284.0,2,100.3
148,4.94,40,car,0.45,781.9,250.9,846.7,318.2,814.3,284.5,2,92.8
148,4.94,10,car,0.39,1721.0,683.2,1910.4,740.2,1815.7,711.7,9,79.9
148,4.94,45,car,0.49,634.7,645.5,692.5,713.0,663.6,679.3,8,85.0
148,4.94,57,car,0.55,1669.2,256.7,1742.9,311.4,1706.1,284.1,2,100.5
148,4.94,56,car,0.54,1750.6,360.5,1835.0,424.8,1792.8,392.7,4,90.7
149,4.97,40,car,0.49,765.9,252.2,830.4,311.8,798.1,282.0,2,92.4
149,4.97,10,car,0.32,1728.4,683.7,1917.1,739.5,1822.7,711.6,9,76.6
149,4.97,45,car,0.55,646.2,645.9,707.1,713.6,676.7,679.7,8,84.8
149,4.97,57,car,0.57,1655.2,254.6,1727.1,310.0,1691.1,282.3,2,98.5
149,4.97,56,car,0.39,1732.7,359.8,1818.6,426.1,1775.7,392.9,4,92.2
150,5.01,40,car,0.52,750.7,249.5,814.0,312.7,782.3,281.1,2,93.1
150,5.01,10,car,0.70,1745.0,687.4,1920.0,739.6,1832.5,713.5,9,76.6
150,5.01,45,car,0.35,661.4,646.9,720.3,700.9,690.9,673.9,8,84.5
150,5.01,57,car,0.54,1637.4,255.8,1711.2,312.3,1674.3,284.1,2,98.6
150,5.01,56,car,0.34,1719.1,362.6,1801.0,426.0,1760.1,394.3,4,92.2
151,5.04,40,car,0.46,735.7,250.4,798.0,310.4,766.8,280.4,2,93.4
151,5.04,10,car,0.62,1763.5,692.4,1920.0,741.5,1841.7,716.9,9,75.0
151,5.04,45,car,0.39,678.1,646.0,732.5,705.2,705.3,675.6,8,84.2
151,5.04,57,car,0.56,1621.5,256.4,1694.5,313.3,1658.0,284.8,2,98.3
151,5.04,56,car,0.54,1705.5,365.3,1785.6,425.8,1745.6,395.6,4,91.5
152,5.07,40,car,0.31,718.6,250.7,784.0,309.6,751.3,280.1,2,92.5
152,5.07,10,car,0.62,1778.0,694.6,1920.0,740.5,1849.0,717.6,9,72.0
152,5.07,45,car,0.36,693.8,646.3,748.9,705.7,721.4,676.0,8,84.8
152,5.07,57,car,0.57,1607.1,254.3,1679.1,314.1,1643.1,284.2,2,97.1
153,5.11,40,car,0.41,702.9,250.1,768.0,314.5,735.5,282.3,2,93.0
153,5.11,10,car,0.56,1797.8,695.4,1920.0,739.7,1858.9,717.5,9,68.2
153,5.11,45,car,0.45,707.5,644.7,762.0,707.8,734.8,676.2,8,84.3
153,5.11,57,car,0.55,1590.0,255.8,1664.4,315.6,1627.2,285.7,2,96.8
153,5.11,56,car,0.32,1669.8,362.7,1752.7,424.2,1711.3,393.5,4,93.2
154,5.14,40,car,0.38,689.1,253.5,752.1,313.7,720.6,283.6,2,93.3
154,5.14,10,car,0.50,1801.6,693.4,1920.0,738.7,1860.8,716.0,9,63.2
154,5.14,45,car,0.45,720.0,645.3,779.0,706.2,749.5,675.8,8,84.4
154,5.14,57,car,0.58,1573.2,256.6,1647.1,312.6,1610.2,284.6,2,97.1
154,5.14,56,car,0.53,1655.4,362.8,1737.5,424.2,1696.5,393.5,4,92.7
155,5.17,10,car,0.52,1809.2,691.1,1920.0,739.1,1864.6,715.1,9,58.4
155,5.17,45,car,0.39,732.7,645.7,788.6,707.6,760.7,676.6,8,83.2
155,5.17,57,car,0.56,1559.9,253.7,1630.0,311.6,1595.0,282.6,2,96.5
155,5.17,56,car,0.49,1638.5,361.7,1726.2,424.0,1682.3,392.8,4,92.0
156,5.21,10,car,0.66,1820.8,688.6,1920.0,741.1,1870.4,714.8,9,55.8
156,5.21,45,car,0.47,748.5,645.5,800.1,707.5,774.3,676.5,8,82.9
156,5.21,57,car,0.55,1542.4,254.5,1615.6,313.2,1579.0,283.8,2,96.3
157,5.24,10,car,0.67,1834.6,685.4,1920.0,744.9,1877.3,715.1,9,51.7
157,5.24,57,car,0.55,1527.2,255.6,1599.5,314.1,1563.3,284.9,2,96.1
157,5.24,56,car,0.55,1609.1,364.0,1693.4,424.3,1651.3,394.2,4,92.0
158,5.27,10,car,0.66,1848.9,682.9,1920.0,746.2,1884.5,714.6,9,49.0
158,5.27,57,car,0.59,1512.9,253.9,1583.0,315.6,1548.0,284.8,2,94.9
158,5.27,56,car,0.43,1593.8,364.2,1676.9,424.0,1635.4,394.1,4,92.1
159,5.31,10,car,0.51,1866.4,686.0,1920.0,743.8,1893.2,714.9,9,46.5
159,5.31,57,car,0.55,1495.4,255.3,1568.8,316.8,1532.1,286.0,2,94.9
159,5.31,40,car,0.45,608.7,255.2,673.3,310.8,641.0,283.0,2,92.8
160,5.34,10,car,0.48,1875.9,685.0,1920.0,741.7,1898.0,713.4,9,42.3
160,5.34,57,car,0.58,1479.0,257.2,1551.9,313.4,1515.5,285.3,2,94.3
160,5.34,66,car,0.48,4.5,597.5,76.4,660.4,40.5,628.9,7,0.0
160,5.34,56,car,0.44,1563.2,364.4,1645.8,423.4,1604.5,393.9,4,91.9
161,5.37,57,car,0.57,1465.8,255.9,1535.2,314.5,1500.5,285.2,2,93.3
161,5.37,56,car,0.36,1546.2,363.4,1631.1,425.0,1588.7,394.2,4,93.9
161,5.37,45,car,0.36,814.1,645.5,877.7,720.4,845.9,682.9,8,83.3
162,5.41,57,car,0.55,1448.2,255.8,1518.8,316.0,1483.5,285.9,2,94.2
162,5.41,45,car,0.61,827.9,646.3,893.9,721.4,860.9,683.8,8,83.5
163,5.44,57,car,0.57,1431.3,258.3,1502.9,313.4,1467.1,285.9,2,94.0
163,5.44,45,car,0.34,844.6,644.9,907.8,720.5,876.2,682.7,8,84.3
163,5.44,56,car,0.50,1516.4,362.4,1597.9,425.6,1557.2,394.0,4,93.0
164,5.47,57,car,0.60,1417.3,258.0,1486.7,315.1,1452.0,286.6,2,93.5
164,5.47,45,car,0.46,856.2,645.4,921.3,721.1,888.8,683.2,8,83.2
164,5.47,56,car,0.32,1503.0,362.1,1580.9,425.6,1541.9,393.9,4,92.6
165,5.51,57,car,0.58,1400.5,256.8,1472.0,316.5,1436.3,286.7,2,93.9
166,5.54,57,car,0.58,1384.3,257.2,1455.2,314.6,1419.7,285.9,2,94.1
166,5.54,56,car,0.49,1471.7,362.6,1550.3,424.0,1511.0,393.3,4,92.3
167,5.57,57,car,0.59,1370.5,257.2,1439.5,313.4,1405.0,285.3,2,93.1
167,5.57,45,car,0.37,904.5,647.0,966.3,723.4,935.4,685.2,8,84.4
168,5.61,57,car,0.57,1352.2,256.3,1424.0,314.0,1388.1,285.1,2,93.9
168,5.61,45,car,0.43,918.5,646.0,979.5,723.7,949.0,684.9,8,84.6
168,5.61,56,car,0.42,1439.6,361.2,1521.3,423.6,1480.4,392.4,4,91.7
169,5.64,57,car,0.55,1337.8,257.1,1409.3,314.0,1373.6,285.5,2,93.2
169,5.64,56,car,0.50,1422.8,361.3,1505.6,422.4,1464.2,391.8,4,91.9
170,5.67,57,car,0.58,1323.6,256.7,1393.2,314.4,1358.4,285.6,2,93.0
170,5.67,56,car,0.49,1407.7,359.3,1492.0,421.8,1449.9,390.5,4,91.8
171,5.71,57,car,0.55,1306.8,257.0,1376.8,313.5,1341.8,285.2,2,93.5
171,5.71,56,car,0.58,1392.5,359.5,1476.3,420.7,1434.4,390.1,4,90.7
172,5.74,57,car,0.58,1290.2,257.2,1361.4,311.1,1325.8,284.2,2,93.6
172,5.74,56,car,0.41,1376.4,361.2,1458.9,419.0,1417.6,390.1,4,91.4
172,5.74,40,car,0.37,407.1,255.1,475.6,308.4,441.4,281.8,2,91.8
173,5.77,57,car,0.56,1275.7,256.3,1346.1,310.0,1310.9,283.2,2,92.8
173,5.77,56,car,0.48,1361.1,362.4,1444.8,418.9,1403.0,390.6,4,91.6
174,5.81,57,car,0.51,1260.8,255.6,1329.4,312.1,1295.1,283.9,2,93.2
174,5.81,56,car,0.47,1346.7,361.5,1431.0,420.6,1388.9,391.1,4,91.1
175,5.84,57,car,0.55,1244.8,256.3,1315.5,315.5,1280.2,285.9,2,92.3
175,5.84,56,car,0.50,1329.8,362.4,1413.3,421.4,1371.5,391.9,4,91.5
175,5.84,40,car,0.45,363.7,254.2,431.8,312.9,397.7,283.5,2,91.2
176,5.87,57,car,0.54,1229.7,256.4,1300.7,317.5,1265.2,286.9,2,91.6
176,5.87,56,car,0.39,1315.6,364.7,1397.0,421.4,1356.3,393.1,4,91.5
176,5.87,40,car,0.39,346.1,254.2,419.3,314.5,382.7,284.4,2,90.9
176,5.87,45,car,0.33,1032.3,647.5,1092.5,725.5,1062.4,686.5,8,84.3
177,5.91,57,car,0.51,1215.3,255.6,1283.8,317.1,1249.5,286.3,2,91.9
177,5.91,56,car,0.52,1300.5,361.4,1381.5,421.6,1341.0,391.5,4,91.3
178,5.94,57,car,0.59,1199.1,255.1,1269.0,316.0,1234.0,285.6,2,91.8
178,5.94,56,car,0.51,1284.5,361.6,1364.6,421.6,1324.5,391.6,4,91.5
179,5.97,57,car,0.56,1182.7,255.8,1253.9,318.1,1218.3,286.9,2,91.4
179,5.97,56,car,0.46,1269.4,363.1,1350.3,421.7,1309.8,392.4,4,91.3
179,5.97,40,car,0.35,302.4,249.3,371.9,313.7,337.1,281.5,2,90.7
179,5.97,45,car,0.50,1073.1,648.0,1136.7,724.7,1104.9,686.3,8,84.2
180,6.01,57,car,0.51,1167.7,254.8,1236.6,316.9,1202.2,285.8,2,92.0
180,6.01,56,car,0.36,1255.6,362.1,1336.6,423.1,1296.1,392.6,4,90.6
181,6.04,57,car,0.57,1152.3,254.3,1222.4,315.7,1187.3,285.0,2,91.1
181,6.04,40,car,0.33,272.2,249.4,340.5,314.1,306.4,281.7,2,90.7
182,6.07,57,car,0.59,1135.1,256.9,1206.7,314.2,1170.9,285.5,2,92.0
182,6.07,40,car,0.33,256.4,249.7,325.7,314.2,291.0,282.0,2,90.8
182,6.07,45,car,0.35,1121.8,647.2,1184.0,721.4,1152.9,684.3,8,84.9
182,6.07,56,car,0.54,1223.5,362.5,1304.4,423.3,1263.9,392.9,4,91.2
183,6.11,57,car,0.51,1120.8,256.8,1190.2,313.5,1155.5,285.2,2,92.1
183,6.11,45,car,0.41,1136.4,644.4,1195.6,721.9,1166.0,683.2,8,84.8
183,6.11,56,car,0.46,1208.1,361.7,1288.6,422.3,1248.4,392.0,4,91.0
184,6.14,57,car,0.55,1104.9,255.7,1174.8,312.7,1139.8,284.2,2,91.7
184,6.14,56,car,0.52,1194.1,359.8,1272.7,422.2,1233.4,391.0,4,91.2
184,6.14,40,car,0.35,224.4,247.1,293.6,310.1,259.0,278.6,2,90.9
185,6.17,57,car,0.56,1088.1,256.7,1158.9,315.0,1123.5,285.8,2,91.8
185,6.17,56,car,0.61,1180.7,360.8,1258.9,423.4,1219.8,392.1,4,90.4
185,6.17,40,car,0.33,212.6,248.7,277.6,306.8,245.1,277.7,2,90.6
186,6.21,57,car,0.43,1074.9,256.1,1142.9,312.4,1108.9,284.3,2,91.7
186,6.21,56,car,0.31,1163.8,362.1,1242.8,424.8,1203.3,393.5,4,90.3
186,6.21,40,car,0.48,196.5,250.1,262.7,308.1,229.6,279.1,2,90.6
187,6.24,57,car,0.51,1057.4,255.6,1128.1,313.2,1092.8,284.4,2,91.8
187,6.24,56,car,0.43,1146.6,362.5,1228.1,423.9,1187.3,393.2,4,90.9
187,6.24,40,car,0.43,181.4,251.4,248.0,310.4,214.7,280.9,2,90.4
187,6.24,94,car,0.54,417.6,598.6,482.3,653.8,449.9,626.2,7,0.0
187,6.24,96,car,0.52,633.0,661.7,702.7,720.9,667.9,691.3,8,0.0
187,6.24,45,car,0.32,1193.1,647.0,1255.3,721.0,1224.2,684.0,8,84.9
188,6.27,57,car,0.57,1039.7,258.0,1112.2,315.0,1075.9,286.5,2,92.7
188,6.27,56,car,0.55,1131.7,363.8,1212.1,422.7,1171.9,393.2,4,91.4
188,6.27,40,car,0.32,167.0,253.1,232.3,308.5,199.7,280.8,2,90.3
188,6.27,97,car,0.46,206.3,657.5,275.4,705.6,240.9,681.5,8,0.0
189,6.31,57,car,0.52,1026.9,255.8,1095.5,314.7,1061.2,285.3,2,92.6
189,6.31,56,car,0.50,1116.9,363.8,1197.2,423.2,1157.0,393.5,4,90.4
189,6.31,40,car,0.45,150.0,252.0,217.4,310.9,183.7,281.5,2,90.5
189,6.31,97,car,0.38,210.7,657.6,288.9,706.2,249.8,681.9,8,52.7
190,6.34,57,car,0.52,1009.5,255.0,1080.2,313.1,1044.9,284.0,2,92.9
190,6.34,56,car,0.33,1101.4,362.8,1182.5,422.6,1141.9,392.7,4,90.3
190,6.34,40,car,0.51,132.8,249.1,203.1,311.7,168.0,280.4,2,90.0
190,6.34,97,car,0.38,229.3,655.5,303.9,706.8,266.6,681.2,8,75.9
191,6.37,57,car,0.51,993.4,256.7,1065.3,316.0,1029.3,286.4,2,92.9
191,6.37,56,car,0.44,1086.8,362.0,1166.6,422.4,1126.7,392.2,4,90.3
191,6.37,40,car,0.55,119.2,246.8,188.2,313.1,153.7,279.9,2,89.3
191,6.37,97,car,0.35,248.9,652.9,319.3,706.5,284.1,679.7,8,85.1
192,6.41,57,car,0.51,980.6,255.5,1050.4,316.5,1015.5,286.0,2,92.0
192,6.41,40,car,0.56,102.6,250.0,172.6,314.5,137.6,282.3,2,90.3
192,6.41,97,car,0.44,262.0,653.2,334.5,707.0,298.3,680.1,8,84.7
192,6.41,45,car,0.36,1265.6,648.5,1327.1,725.3,1296.3,686.9,8,85.4
193,6.44,57,car,0.52,962.1,255.0,1033.0,314.4,997.6,284.7,2,92.9
193,6.44,40,car,0.55,87.7,251.7,157.1,314.2,122.4,282.9,2,90.3
193,6.44,97,car,0.41,279.6,654.3,347.7,707.0,313.6,680.6,8,85.8
194,6.47,57,car,0.51,947.1,255.5,1017.4,313.5,982.3,284.5,2,93.1
194,6.47,40,car,0.63,72.7,246.2,143.7,313.0,108.2,279.6,2,90.0
195,6.51,57,car,0.56,934.4,256.6,1002.3,310.9,968.4,283.7,2,91.9
195,6.51,40,car,0.44,53.9,245.2,130.2,312.1,92.1,278.7,2,90.3
195,6.51,56,car,0.42,1027.4,364.0,1106.3,423.8,1066.8,393.9,4,89.4
196,6.54,57,car,0.49,917.5,257.0,984.9,311.2,951.2,284.1,2,92.7
196,6.54,40,car,0.37,39.6,245.3,112.5,314.0,76.1,279.6,2,90.6
196,6.54,56,car,0.48,1012.4,363.6,1091.1,424.4,1051.7,394.0,4,89.6
196,6.54,45,car,0.44,1323.8,646.1,1382.5,718.6,1353.2,682.3,8,85.4
196,6.54,97,car,0.32,319.8,659.3,389.2,705.0,354.5,682.2,8,83.8
197,6.57,57,car,0.53,899.4,258.1,969.9,313.2,934.7,285.7,2,93.1
197,6.57,40,car,0.42,26.5,247.1,95.3,315.4,60.9,281.3,2,89.9
198,6.61,57,car,0.52,886.3,258.8,956.0,314.7,921.1,286.7,2,91.8
198,6.61,40,car,0.46,5.4,247.8,80.0,313.3,42.7,280.5,2,91.8
198,6.61,56,car,0.55,981.9,362.3,1059.0,423.4,1020.5,392.9,4,90.3
198,6.61,97,car,0.42,348.4,653.4,416.1,707.3,382.2,680.3,8,83.4
199,6.64,57,car,0.47,869.7,257.7,938.0,314.4,903.8,286.1,2,93.1
199,6.64,40,car,0.32,0.0,250.1,63.3,310.5,31.6,280.3,2,89.8
199,6.64,56,car,0.54,967.7,359.7,1045.6,423.4,1006.7,391.6,4,89.3
199,6.64,97,car,0.36,362.3,655.1,431.2,708.8,396.7,681.9,8,83.6
200,6.67,57,car,0.52,854.2,257.0,923.0,313.7,888.6,285.4,2,92.7
200,6.67,56,car,0.55,950.9,360.6,1032.4,424.0,991.7,392.3,4,89.1
200,6.67,97,car,0.30,376.0,657.4,443.6,707.2,409.8,682.3,8,83.1
201,6.71,57,car,0.55,841.3,258.2,908.6,313.9,875.0,286.0,2,91.2
201,6.71,56,car,0.59,935.3,363.4,1016.7,424.9,976.0,394.1,4,89.3
201,6.71,97,car,0.31,389.6,656.7,460.8,708.3,425.2,682.5,8,83.6
201,6.71,45,car,0.33,1391.3,646.5,1459.7,713.8,1425.5,680.2,8,85.5
202,6.74,57,car,0.49,824.5,258.1,891.9,315.2,858.2,286.6,2,92.1
202,6.74,56,car,0.52,920.6,364.2,1000.5,425.4,960.5,394.8,4,90.0
202,6.74,97,car,0.47,404.4,656.3,474.7,708.5,439.6,682.4,8,83.7
202,6.74,111,car,0.55,1859.3,373.1,1920.0,431.6,1889.6,402.4,5,0.0
203,6.77,57,car,0.51,809.5,257.3,876.4,315.2,843.0,286.3,2,91.6
203,6.77,56,car,0.41,906.9,362.6,984.6,424.8,945.7,393.7,4,89.4
203,6.77,97,car,0.46,419.8,656.2,487.9,708.7,453.9,682.4,8,83.8
203,6.77,111,car,0.56,1848.5,374.5,1919.9,432.8,1884.2,403.7,5,32.9
203,6.77,113,car,0.46,1847.3,299.9,1919.8,362.7,1883.5,331.3,3,0.0
203,6.77,45,car,0.39,1422.8,644.5,1488.5,712.4,1455.6,678.4,8,85.6
204,6.81,57,car,0.52,795.5,256.0,862.7,314.3,829.1,285.1,2,90.9
204,6.81,56,car,0.56,889.7,362.9,968.8,424.6,929.2,393.8,4,89.6
204,6.81,97,car,0.54,432.6,655.9,502.8,708.6,467.7,682.2,8,83.6
204,6.81,111,car,0.54,1833.7,378.3,1916.7,428.1,1875.2,403.2,5,42.7
204,6.81,113,car,0.48,1838.8,306.3,1919.6,365.4,1879.2,335.9,3,37.2
204,6.81,45,car,0.47,1439.0,643.0,1502.5,711.8,1470.7,677.4,8,85.5
205,6.84,57,car,0.47,778.6,255.3,846.0,315.7,812.3,285.5,2,92.2
205,6.84,97,car,0.41,447.1,655.0,517.2,708.6,482.1,681.8,8,85.7
205,6.84,111,car,0.49,1816.0,378.7,1903.0,429.9,1859.5,404.3,5,59.4
206,6.87,57,car,0.54,764.3,254.8,829.9,315.2,797.1,285.0,2,91.0
206,6.87,97,car,0.48,458.8,654.5,531.4,708.6,495.1,681.6,8,84.3
206,6.87,111,car,0.50,1800.3,380.9,1886.6,429.9,1843.5,405.4,5,68.2
206,6.87,56,car,0.41,860.6,361.3,938.2,424.2,899.4,392.7,4,89.3
206,6.87,45,car,0.40,1468.6,643.4,1530.9,714.8,1499.7,679.1,8,85.8
207,6.91,57,car,0.54,750.3,255.2,816.3,316.1,783.3,285.7,2,90.3
207,6.91,97,car,0.47,474.8,653.8,545.9,708.0,510.3,680.9,8,83.4
207,6.91,56,car,0.57,841.4,362.5,923.7,425.1,882.6,393.8,4,90.0
208,6.94,57,car,0.46,733.9,257.9,800.0,316.4,767.0,287.2,2,91.4
208,6.94,97,car,0.30,488.3,653.8,561.6,709.3,524.9,681.6,8,83.6
208,6.94,56,car,0.54,827.7,363.4,911.6,426.5,869.7,395.0,4,89.2
208,6.94,111,car,0.53,1771.2,379.2,1855.3,433.2,1813.2,406.2,5,75.2
208,6.94,45,car,0.37,1498.6,646.6,1564.0,716.6,1531.3,681.6,8,85.7
209,6.97,57,car,0.48,718.4,256.5,785.2,316.5,751.8,286.5,2,90.5
209,6.97,97,car,0.49,502.6,653.9,573.5,708.6,538.1,681.3,8,82.8
209,6.97,56,car,0.46,814.6,361.9,895.7,426.2,855.2,394.0,4,89.0
209,6.97,111,car,0.34,1757.3,379.9,1837.3,432.4,1797.3,406.1,5,77.9
210,7.01,57,car,0.42,703.2,257.6,770.3,315.7,736.7,286.6,2,89.8
210,7.01,97,car,0.46,517.4,654.1,585.5,708.6,551.5,681.4,8,83.0
210,7.01,56,car,0.50,800.3,362.2,878.6,425.8,839.4,394.0,4,89.4
210,7.01,111,car,0.34,1743.0,376.8,1821.9,432.2,1782.5,404.5,5,79.0
210,7.01,45,car,0.43,1528.0,648.9,1592.7,718.8,1560.3,683.8,8,85.9
211,7.04,57,car,0.39,688.1,259.7,753.9,315.4,721.0,287.6,2,90.8
211,7.04,97,car,0.47,529.9,653.7,601.3,707.9,565.6,680.8,8,83.2
211,7.04,56,car,0.40,785.4,361.9,864.1,425.3,824.7,393.6,4,89.3
211,7.04,111,car,0.53,1725.8,379.0,1802.4,432.0,1764.1,405.5,5,82.3
212,7.07,57,car,0.48,671.5,258.0,737.2,311.6,704.4,284.8,2,90.5
212,7.07,97,car,0.37,542.1,653.2,615.0,707.2,578.6,680.2,8,82.5
212,7.07,56,car,0.51,768.5,360.0,849.2,425.2,808.8,392.6,4,89.2
212,7.07,111,car,0.31,1711.4,381.0,1785.6,430.7,1748.5,405.9,5,83.3
213,7.11,57,car,0.43,655.7,258.2,721.4,311.6,688.5,284.9,2,90.8
213,7.11,56,car,0.55,752.0,360.5,836.8,425.9,794.4,393.2,4,89.4
214,7.14,57,car,0.31,642.5,258.6,705.8,311.9,674.1,285.3,2,91.1
214,7.14,56,car,0.52,739.6,359.8,822.9,425.8,781.2,392.8,4,88.7
214,7.14,111,car,0.35,1680.4,377.2,1751.1,430.9,1715.8,404.0,5,85.5
215,7.18,57,car,0.34,625.5,260.4,690.9,312.1,658.2,286.2,2,90.8
215,7.18,56,car,0.55,724.3,361.5,807.2,425.8,765.7,393.7,4,88.6
215,7.18,111,car,0.57,1662.0,371.2,1737.4,429.5,1699.7,400.4,5,86.2
215,7.18,97,car,0.38,584.3,655.3,656.7,707.1,620.5,681.2,8,82.9
216,7.21,57,car,0.34,609.5,259.8,675.8,312.6,642.6,286.2,2,90.9
216,7.21,56,car,0.38,708.8,360.7,790.2,426.5,749.5,393.6,4,88.9
216,7.21,111,car,0.50,1646.5,369.5,1723.2,429.6,1684.8,399.6,4,86.3
216,7.21,97,car,0.40,600.3,656.7,672.0,705.7,636.2,681.2,8,83.0
217,7.24,57,car,0.30,596.0,259.7,660.8,313.4,628.4,286.6,2,91.1
217,7.24,56,car,0.35,694.8,361.3,774.8,425.9,734.8,393.6,4,88.9
217,7.24,111,car,0.59,1633.1,368.7,1711.8,430.0,1672.4,399.4,4,85.4
217,7.24,97,car,0.51,615.3,656.8,685.9,705.2,650.6,681.0,8,83.0
218,7.28,57,car,0.36,578.8,258.9,644.9,311.0,611.9,285.0,2,90.9
218,7.28,56,car,0.41,679.1,361.3,758.9,425.1,719.0,393.2,4,88.6
218,7.28,111,car,0.46,1617.5,368.0,1695.3,430.7,1656.4,399.3,4,89.6
218,7.28,97,car,0.55,629.5,656.6,702.2,705.2,665.9,680.9,8,83.4
219,7.31,57,car,0.31,562.5,259.3,629.3,313.2,595.9,286.2,2,91.3
219,7.31,56,car,0.30,664.2,361.2,745.5,425.6,704.9,393.4,4,88.3
219,7.31,111,car,0.47,1602.8,369.2,1678.1,430.6,1640.5,399.9,4,92.3
219,7.31,97,car,0.53,642.3,655.8,714.7,705.9,678.5,680.9,8,82.9
220,7.34,56,car,0.30,649.0,361.0,730.2,425.6,689.6,393.3,4,87.6
220,7.34,111,car,0.56,1589.5,368.0,1664.1,431.0,1626.8,399.5,4,91.5
220,7.34,97,car,0.55,656.2,655.1,727.7,706.0,692.0,680.6,8,82.5
221,7.38,111,car,0.55,1574.7,369.9,1649.7,430.8,1612.2,400.4,5,91.0
221,7.38,97,car,0.44,671.0,654.5,741.7,705.9,706.3,680.2,8,83.1
222,7.41,111,car,0.60,1560.9,367.8,1634.6,430.8,1597.8,399.3,4,90.8
222,7.41,97,car,0.50,685.1,653.6,756.8,705.5,720.9,679.6,8,82.8
223,7.44,111,car,0.41,1547.2,365.8,1619.0,431.4,1583.1,398.6,4,90.3
223,7.44,97,car,0.58,698.0,652.4,774.0,704.7,736.0,678.6,8,83.0
223,7.44,56,car,0.35,604.4,363.2,684.3,424.6,644.4,393.9,4,88.6
224,7.48,111,car,0.58,1532.1,367.0,1604.7,430.1,1568.4,398.5,4,90.2
224,7.48,97,car,0.46,714.1,652.5,785.0,704.2,749.5,678.4,8,83.2
225,7.51,111,car,0.44,1520.0,369.1,1591.0,430.2,1555.5,399.7,4,87.9
225,7.51,97,car,0.53,727.9,653.6,795.0,704.8,761.4,679.2,8,82.6
226,7.54,111,car,0.46,1505.1,368.1,1576.2,429.2,1540.7,398.6,4,87.6
226,7.54,97,car,0.39,743.1,653.9,810.5,703.5,776.8,678.7,8,83.1
227,7.58,111,car,0.49,1488.9,368.4,1561.9,429.2,1525.4,398.8,4,86.4
227,7.58,97,car,0.37,758.0,653.6,827.3,703.2,792.7,678.4,8,84.2
227,7.58,124,car,0.51,1576.4,316.7,1687.5,365.5,1632.0,341.1,3,0.0
227,7.58,56,car,0.43,545.9,359.4,625.8,423.1,585.9,391.3,4,88.3
228,7.61,111,car,0.54,1473.2,367.6,1547.9,428.3,1510.5,397.9,4,85.9
228,7.61,97,car,0.41,773.1,653.2,842.3,702.6,807.7,677.9,8,85.0
228,7.61,124,car,0.42,1569.0,315.9,1678.8,364.1,1623.9,340.0,3,48.1
228,7.61,56,car,0.38,529.9,359.7,612.3,422.3,571.1,391.0,4,88.0
229,7.64,111,car,0.42,1457.6,368.3,1533.2,428.6,1495.4,398.4,4,86.0
229,7.64,97,car,0.57,786.4,651.8,855.9,702.7,821.1,677.2,8,84.0
229,7.64,124,car,0.59,1557.2,318.3,1669.6,363.8,1613.4,341.0,3,54.8
229,7.64,56,car,0.40,514.7,360.1,598.2,422.3,556.4,391.2,4,87.9
229,7.64,57,car,0.41,406.2,258.3,476.8,316.0,441.5,287.2,2,91.7
230,7.68,111,car,0.54,1443.2,364.9,1517.4,428.3,1480.3,396.6,4,87.2
230,7.68,97,car,0.57,794.3,651.8,872.1,703.5,833.2,677.7,8,82.9
230,7.68,124,car,0.57,1545.1,316.8,1654.1,362.8,1599.6,339.8,3,63.7
230,7.68,56,car,0.33,501.3,360.9,582.6,422.8,541.9,391.8,4,87.5
230,7.68,57,car,0.33,390.1,257.4,460.8,317.2,425.5,287.3,2,91.6
231,7.71,111,car,0.53,1426.5,364.2,1502.3,428.8,1464.4,396.5,4,87.1
231,7.71,97,car,0.51,809.8,652.8,888.0,703.1,848.9,677.9,8,83.1
232,7.74,111,car,0.61,1411.8,366.8,1489.8,429.0,1450.8,397.9,4,86.1
232,7.74,97,car,0.58,826.3,651.4,902.1,704.0,864.2,677.7,8,84.3
232,7.74,124,car,0.43,1528.2,317.0,1634.4,360.2,1581.3,338.6,3,59.8
232,7.74,57,car,0.51,363.9,259.6,432.3,317.7,398.1,288.6,2,90.7
233,7.78,111,car,0.55,1399.6,365.8,1475.2,429.6,1437.4,397.7,4,85.9
233,7.78,97,car,0.59,840.0,652.3,916.3,703.7,878.2,678.0,8,84.5
233,7.78,124,car,0.44,1511.8,317.7,1626.9,360.8,1569.3,339.3,3,61.6
233,7.78,57,car,0.37,346.8,261.0,418.2,318.4,382.5,289.7,2,90.9
234,7.81,111,car,0.62,1384.6,368.3,1459.1,428.6,1421.8,398.4,4,86.4
234,7.81,97,car,0.49,855.3,652.7,928.7,703.4,892.0,678.0,8,84.3
234,7.81,124,car,0.52,1500.5,316.5,1610.6,360.2,1555.6,338.4,3,64.4
235,7.84,111,car,0.60,1368.8,371.3,1445.3,428.1,1407.1,399.7,4,86.5
235,7.84,97,car,0.44,869.9,651.6,945.0,703.3,907.5,677.5,8,84.7
235,7.84,124,car,0.33,1489.6,314.7,1601.0,358.6,1545.3,336.6,3,64.0
235,7.84,56,car,0.34,429.0,358.1,504.9,422.6,466.9,390.3,4,87.8
236,7.88,111,car,0.58,1355.0,369.4,1429.9,427.4,1392.5,398.4,4,86.5
236,7.88,124,car,0.47,1478.3,315.8,1589.2,359.1,1533.7,337.4,3,64.4
236,7.88,56,car,0.46,407.6,361.3,489.8,422.4,448.7,391.9,4,89.2
237,7.91,111,car,0.55,1339.9,371.1,1415.9,426.4,1377.9,398.7,4,86.5
237,7.91,124,car,0.38,1468.2,315.3,1579.3,358.6,1523.7,336.9,3,63.9
237,7.91,56,car,0.42,394.3,363.2,475.2,423.8,434.7,393.5,4,88.8
237,7.91,97,car,0.47,899.1,647.8,972.0,701.3,935.6,674.6,8,84.1
238,7.94,111,car,0.58,1324.9,371.3,1401.5,426.2,1363.2,398.8,4,87.3
238,7.94,124,car,0.34,1456.8,319.4,1565.8,360.7,1511.3,340.0,3,64.7
238,7.94,56,car,0.43,384.3,360.5,460.0,423.9,422.2,392.2,4,87.8
238,7.94,97,car,0.48,911.9,647.0,985.4,702.7,948.6,674.9,8,83.9
239,7.98,111,car,0.50,1310.6,370.9,1386.4,426.0,1348.5,398.4,4,87.2
239,7.98,56,car,0.36,370.0,362.0,444.8,424.3,407.4,393.2,4,87.8
239,7.98,97,car,0.33,928.6,649.1,999.4,702.0,964.0,675.6,8,85.4
239,7.98,132,car,0.46,1235.2,603.3,1306.1,664.2,1270.7,633.7,7,0.0
240,8.01,111,car,0.57,1295.4,371.6,1371.7,426.5,1333.5,399.1,4,87.1
240,8.01,56,car,0.49,354.7,363.7,430.6,424.3,392.6,394.0,4,87.5
240,8.01,97,car,0.45,941.1,649.4,1014.0,700.7,977.6,675.1,8,84.6
240,8.01,57,car,0.39,241.0,259.8,309.5,314.0,275.2,286.9,2,90.7
241,8.04,111,car,0.56,1281.8,372.3,1358.3,427.2,1320.0,399.8,4,86.5
241,8.04,56,car,0.48,337.3,360.1,415.5,424.0,376.4,392.0,4,88.1
241,8.04,136,car,0.51,1841.3,244.7,1918.4,299.9,1879.8,272.3,2,0.0
241,8.04,124,car,0.43,1423.0,321.5,1515.8,359.2,1469.4,340.3,3,68.5
242,8.08,111,car,0.51,1268.2,373.3,1343.7,426.8,1306.0,400.0,5,86.0
242,8.08,56,car,0.49,321.2,362.1,399.9,423.6,360.5,392.9,4,88.2
242,8.08,136,car,0.48,1830.4,243.6,1916.4,299.2,1873.4,271.4,2,38.5
242,8.08,124,car,0.58,1409.5,321.7,1511.5,358.7,1460.5,340.2,3,67.4
243,8.11,111,car,0.50,1253.3,371.2,1326.6,427.3,1289.9,399.2,4,86.4
243,8.11,56,car,0.45,309.5,362.9,390.2,423.8,349.8,393.3,4,86.9
243,8.11,124,car,0.41,1399.7,317.1,1496.0,359.5,1447.8,338.3,3,67.9
243,8.11,97,car,0.40,985.3,649.5,1056.2,697.8,1020.8,673.7,8,84.1
244,8.14,111,car,0.47,1237.7,370.8,1309.7,427.7,1273.7,399.2,4,86.6
244,8.14,56,car,0.52,293.6,362.9,375.1,423.5,334.3,393.2,4,87.3
244,8.14,124,car,0.44,1388.0,320.5,1475.6,359.0,1431.8,339.8,3,70.8
244,8.14,97,car,0.35,999.2,650.7,1070.2,697.0,1034.7,673.8,8,83.7
245,8.18,111,car,0.54,1221.0,370.3,1296.1,427.1,1258.6,398.7,4,87.2
245,8.18,56,car,0.43,277.3,360.2,358.3,424.3,317.8,392.3,4,87.9
245,8.18,124,car,0.53,1378.6,322.4,1462.5,361.3,1420.5,341.9,3,71.1
245,8.18,97,car,0.44,1012.8,650.4,1086.6,697.0,1049.7,673.7,8,84.3
246,8.21,111,car,0.56,1206.9,366.6,1280.6,426.9,1243.8,396.7,4,87.9
246,8.21,56,car,0.54,261.1,360.7,343.2,424.8,302.1,392.8,4,88.3
246,8.21,124,car,0.54,1365.6,323.7,1466.2,360.5,1415.9,342.1,3,67.7
246,8.21,97,car,0.43,1028.1,650.7,1104.6,696.3,1066.3,673.5,8,86.0
246,8.21,57,car,0.44,148.1,258.8,217.6,317.3,182.8,288.0,2,90.5
247,8.24,111,car,0.58,1190.5,365.7,1265.7,427.8,1228.1,396.8,4,87.9
247,8.24,56,car,0.37,249.7,361.7,327.9,423.4,288.8,392.6,4,87.8
247,8.24,124,car,0.31,1357.1,324.4,1437.4,360.6,1397.3,342.5,3,72.4
247,8.24,97,car,0.35,1041.6,650.9,1118.0,696.2,1079.8,673.5,8,85.1
247,8.24,151,car,0.59,1753.7,245.1,1836.1,302.3,1794.9,273.7,2,0.0
247,8.24,57,car,0.34,131.3,258.7,202.2,319.5,166.7,289.1,2,90.5
248,8.28,111,car,0.61,1177.1,366.0,1253.1,430.2,1215.1,398.1,4,87.1
248,8.28,124,car,0.33,1345.6,324.7,1446.1,359.5,1395.9,342.1,3,68.2
248,8.28,97,car,0.31,1056.2,648.4,1132.5,698.3,1094.3,673.3,8,84.9
248,8.28,57,car,0.41,119.9,259.6,188.0,319.5,154.0,289.5,2,90.3
249,8.31,111,car,0.48,1162.4,366.0,1238.1,432.7,1200.3,399.3,4,87.2
249,8.31,124,car,0.52,1335.1,324.4,1444.5,360.0,1389.8,342.2,3,65.2
249,8.31,57,car,0.48,103.3,257.8,173.3,319.5,138.3,288.6,2,90.2
249,8.31,56,car,0.30,218.2,361.0,298.5,423.1,258.4,392.0,4,87.9
250,8.34,111,car,0.47,1147.8,368.0,1221.3,433.1,1184.6,400.6,5,87.7
250,8.34,124,car,0.50,1322.0,323.6,1431.4,359.3,1376.7,341.5,3,66.3
250,8.34,158,car,0.53,1709.4,245.7,1788.6,299.9,1749.0,272.8,2,0.0
251,8.38,111,car,0.59,1133.6,367.2,1205.9,433.8,1169.7,400.5,5,87.8
251,8.38,124,car,0.42,1311.8,323.9,1415.4,360.1,1363.6,342.0,3,66.9
251,8.38,158,car,0.52,1696.6,249.2,1778.1,300.8,1737.4,275.0,2,69.5
251,8.38,97,car,0.38,1097.8,648.7,1174.8,696.5,1136.3,672.6,8,84.6
251,8.38,57,car,0.38,73.8,258.0,143.3,320.4,108.5,289.2,2,90.0
252,8.41,111,car,0.43,1120.0,366.0,1189.1,432.8,1154.6,399.4,4,88.0
252,8.41,158,car,0.55,1681.2,248.8,1761.7,301.1,1721.5,275.0,2,81.4
252,8.41,97,car,0.43,1114.9,649.0,1188.2,695.0,1151.5,672.0,8,85.1
252,8.41,57,car,0.31,54.4,255.3,127.7,320.1,91.1,287.7,2,90.6
252,8.41,56,car,0.36,172.7,366.4,253.4,423.7,213.0,395.1,4,86.9
253,8.44,111,car,0.44,1104.7,367.3,1176.0,431.9,1140.3,399.6,4,87.7
253,8.44,158,car,0.56,1664.7,248.3,1744.0,300.6,1704.4,274.5,2,87.8
253,8.44,97,car,0.39,1130.6,648.6,1203.5,693.8,1167.0,671.2,8,85.1
253,8.44,57,car,0.39,39.3,257.1,112.0,317.6,75.7,287.3,2,90.4
253,8.44,56,car,0.52,160.3,366.0,241.1,425.1,200.7,395.6,4,86.3
253,8.44,124,car,0.52,1287.7,322.9,1399.5,360.7,1343.6,341.8,3,66.4
254,8.48,111,car,0.49,1090.9,367.0,1158.5,431.9,1124.7,399.4,4,88.6
254,8.48,158,car,0.58,1649.8,249.0,1728.9,300.2,1689.4,274.6,2,87.9
254,8.48,97,car,0.35,1145.6,649.9,1218.0,692.3,1181.8,671.1,8,85.5
254,8.48,57,car,0.42,25.1,256.7,97.8,317.5,61.5,287.1,2,90.1
254,8.48,124,car,0.37,1277.6,322.1,1387.1,360.3,1332.3,341.2,3,66.0
255,8.51,111,car,0.40,1075.2,363.8,1144.0,431.0,1109.6,397.4,4,89.1
255,8.51,158,car,0.54,1635.1,247.9,1716.3,300.3,1675.7,274.1,2,86.5
255,8.51,97,car,0.42,1159.4,651.4,1232.9,691.4,1196.1,671.4,8,85.9
255,8.51,57,car,0.42,7.3,253.7,81.5,313.9,44.4,283.8,2,90.1
255,8.51,124,car,0.44,1265.6,323.4,1374.5,360.8,1320.1,342.1,3,62.9
255,8.51,56,car,0.43,129.7,364.5,210.9,425.2,170.3,394.9,4,87.4
256,8.54,111,car,0.51,1060.5,364.3,1129.1,432.0,1094.8,398.1,4,88.5
256,8.54,158,car,0.57,1620.9,247.9,1700.6,300.1,1660.8,274.0,2,86.7
256,8.54,97,car,0.43,1174.7,648.9,1247.4,691.9,1211.1,670.4,8,85.7
256,8.54,57,car,0.50,0.0,254.6,65.8,308.0,32.9,281.3,2,89.1
256,8.54,56,car,0.44,115.5,362.4,196.2,424.6,155.9,393.5,4,87.3
257,8.58,111,car,0.52,1046.6,367.1,1114.5,433.2,1080.6,400.1,5,87.7
257,8.58,158,car,0.62,1607.1,246.5,1685.9,300.2,1646.5,273.3,2,86.4
257,8.58,97,car,0.38,1187.9,651.6,1260.5,692.2,1224.2,671.9,8,85.6
257,8.58,57,car,0.39,0.0,250.8,49.3,307.2,24.7,279.0,2,88.1
257,8.58,56,car,0.36,101.0,360.7,181.9,423.7,141.5,392.2,4,87.2
258,8.61,111,car,0.45,1030.0,367.9,1101.3,433.1,1065.7,400.5,5,87.5
258,8.61,158,car,0.55,1592.9,246.7,1670.1,299.4,1631.5,273.1,2,86.6
258,8.61,97,car,0.32,1200.6,647.6,1276.7,692.2,1238.7,669.9,8,85.7
258,8.61,56,car,0.43,84.6,358.7,168.5,423.2,126.5,391.0,4,86.7
259,8.64,111,car,0.47,1015.2,366.1,1085.9,434.1,1050.5,400.1,5,87.7
259,8.64,158,car,0.56,1576.2,247.5,1654.9,299.9,1615.5,273.7,2,87.5
259,8.64,124,car,0.62,1219.6,320.4,1329.9,360.4,1274.8,340.4,3,64.5
260,8.68,111,car,0.34,998.4,363.5,1070.7,434.2,1034.5,398.9,4,87.8
260,8.68,158,car,0.58,1561.5,248.0,1643.0,301.0,1602.3,274.5,2,86.5
260,8.68,124,car,0.33,1209.1,318.2,1315.8,363.8,1262.5,341.0,3,64.3
261,8.71,111,car,0.49,985.5,361.9,1055.3,433.5,1020.4,397.7,4,88.3
261,8.71,158,car,0.59,1548.5,248.0,1628.3,300.5,1588.4,274.2,2,86.1
262,8.74,111,car,0.46,970.7,360.0,1041.5,434.3,1006.1,397.2,4,88.1
262,8.74,158,car,0.58,1534.0,246.4,1612.5,300.9,1573.2,273.6,2,86.4
262,8.74,97,car,0.36,1261.1,646.8,1336.4,692.7,1298.7,669.7,8,86.6
262,8.74,124,car,0.46,1189.3,321.8,1295.3,367.7,1242.3,344.7,3,62.1
263,8.78,111,car,0.50,956.4,361.9,1029.8,434.5,993.1,398.2,4,86.9
263,8.78,158,car,0.61,1519.3,246.4,1597.9,301.3,1558.6,273.8,2,86.4
263,8.78,97,car,0.41,1274.5,644.9,1350.8,691.9,1312.6,668.4,8,86.2
263,8.78,124,car,0.52,1176.0,323.7,1282.1,366.7,1229.1,345.2,3,62.8
264,8.81,111,car,0.59,940.6,362.5,1016.6,434.8,978.6,398.7,4,86.7
264,8.81,158,car,0.63,1506.9,247.9,1584.4,300.7,1545.7,274.3,2,87.0
264,8.81,97,car,0.41,1289.4,644.0,1365.8,692.6,1327.6,668.3,8,85.7
264,8.81,124,car,0.47,1167.4,324.6,1272.4,365.1,1219.9,344.9,3,64.2
264,8.81,56,car,0.49,0.0,360.0,77.0,425.8,38.5,392.9,4,86.4
265,8.84,111,car,0.46,927.0,362.7,1001.7,435.7,964.4,399.2,4,86.3
265,8.84,158,car,0.61,1491.7,247.7,1570.1,301.5,1530.9,274.6,2,86.5
265,8.84,97,car,0.37,1301.8,644.8,1379.4,692.1,1340.6,668.4,8,85.5
265,8.84,124,car,0.44,1155.3,325.5,1259.8,364.4,1207.6,344.9,3,62.2
265,8.84,56,car,0.48,0.0,363.4,59.6,429.5,29.8,396.4,4,85.8
266,8.88,111,car,0.53,913.3,364.5,985.7,435.2,949.5,399.9,4,86.6
266,8.88,158,car,0.62,1475.5,248.2,1555.0,301.9,1515.3,275.1,2,85.8
266,8.88,97,car,0.46,1320.3,642.3,1391.2,690.8,1355.8,666.5,8,85.7
266,8.88,124,car,0.51,1141.7,324.0,1251.2,364.9,1196.4,344.5,3,65.4
266,8.88,178,car,0.60,1781.1,664.4,1864.0,731.8,1822.6,698.1,9,0.0
267,8.91,111,car,0.47,899.5,364.5,967.5,433.2,933.5,398.8,4,86.8
267,8.91,158,car,0.65,1462.9,247.0,1541.4,301.4,1502.1,274.2,2,85.0
267,8.91,97,car,0.32,1336.0,643.3,1405.2,690.5,1370.6,666.9,8,86.4
267,8.91,124,car,0.47,1130.5,319.8,1238.1,364.4,1184.3,342.1,3,67.3
267,8.91,178,car,0.63,1793.6,665.8,1878.4,732.0,1836.0,698.9,9,79.5
268,8.94,111,car,0.34,883.7,361.8,955.3,433.2,919.5,397.5,4,86.3
268,8.94,158,car,0.64,1450.3,247.5,1526.1,302.7,1488.2,275.1,2,85.1
268,8.94,97,car,0.45,1351.2,643.7,1423.1,689.6,1387.2,666.7,8,86.9
268,8.94,124,car,0.59,1120.9,318.7,1225.1,364.7,1173.0,341.7,3,66.8
268,8.94,178,car,0.58,1809.4,665.4,1889.9,732.2,1849.7,698.8,9,79.9
269,8.98,111,car,0.52,869.3,362.0,937.2,432.9,903.2,397.4,4,87.0
269,8.98,158,car,0.63,1434.9,248.7,1510.4,302.0,1472.7,275.4,2,85.4
269,8.98,97,car,0.54,1369.0,642.4,1439.2,689.1,1404.1,665.7,8,87.4
269,8.98,124,car,0.54,1109.3,322.3,1212.7,364.2,1161.0,343.3,3,66.4
269,8.98,178,car,0.37,1828.2,666.2,1911.2,732.7,1869.7,699.4,9,92.7
270,9.01,111,car,0.44,851.5,364.6,921.8,432.3,886.6,398.5,4,88.0
270,9.01,158,car,0.67,1419.0,249.6,1497.1,303.9,1458.1,276.7,2,85.5
270,9.01,97,car,0.59,1384.4,642.1,1452.8,689.3,1418.6,665.7,8,87.3
270,9.01,124,car,0.53,1097.8,323.8,1202.5,364.5,1150.2,344.1,3,67.1
270,9.01,178,car,0.45,1847.1,667.6,1920.0,741.8,1883.6,704.7,9,90.5
271,9.04,111,car,0.35,839.0,365.9,910.3,431.3,874.7,398.6,4,86.7
271,9.04,158,car,0.64,1405.0,250.4,1481.2,303.9,1443.1,277.2,2,85.5
271,9.04,97,car,0.36,1393.1,639.5,1467.2,689.1,1430.2,664.3,8,86.3
271,9.04,124,car,0.55,1088.5,324.1,1190.1,364.7,1139.3,344.4,3,67.0
271,9.04,178,car,0.39,1862.9,665.6,1920.0,744.9,1891.4,705.3,9,81.7
272,9.08,111,car,0.45,825.1,365.4,894.7,431.5,859.9,398.5,4,86.5
272,9.08,158,car,0.62,1390.9,249.9,1465.9,303.0,1428.4,276.5,2,84.9
272,9.08,97,car,0.41,1409.0,637.8,1482.3,689.1,1445.7,663.5,8,86.5
272,9.08,124,car,0.55,1077.3,325.1,1182.1,365.0,1129.7,345.0,3,66.1
272,9.08,178,car,0.41,1876.9,663.8,1920.0,746.6,1898.5,705.2,9,75.0
273,9.11,111,car,0.37,810.3,364.7,880.0,431.8,845.2,398.2,4,85.9
273,9.11,158,car,0.67,1376.2,250.0,1451.9,304.8,1414.1,277.4,2,85.4
273,9.11,97,car,0.58,1425.4,639.2,1500.1,688.7,1462.7,663.9,8,88.0
273,9.11,124,car,0.52,1064.0,326.1,1168.4,364.4,1116.2,345.3,3,66.8
274,9.14,158,car,0.63,1362.7,250.5,1438.4,303.9,1400.5,277.2,2,85.3
274,9.14,97,car,0.53,1439.8,638.3,1514.9,688.7,1477.3,663.5,8,88.0
274,9.14,124,car,0.53,1052.4,326.5,1159.2,365.1,1105.8,345.8,3,66.0
275,9.18,158,car,0.63,1347.7,248.7,1423.6,303.2,1385.6,276.0,2,85.1
275,9.18,97,car,0.35,1455.0,637.3,1529.2,689.6,1492.1,663.4,8,87.8
275,9.18,124,car,0.50,1041.2,326.3,1145.8,365.3,1093.5,345.8,3,67.5
275,9.18,111,car,0.40,777.7,362.8,847.9,430.9,812.8,396.9,4,87.5
276,9.21,158,car,0.60,1332.8,247.3,1408.2,305.0,1370.5,276.2,2,85.4
276,9.21,97,car,0.42,1469.3,640.1,1545.7,687.1,1507.5,663.6,8,88.4
276,9.21,124,car,0.62,1027.8,327.1,1136.4,366.7,1082.1,346.9,3,66.7
276,9.21,111,car,0.54,762.9,363.7,836.9,431.6,799.9,397.7,4,86.9
277,9.24,158,car,0.60,1320.0,247.6,1395.6,303.3,1357.8,275.4,2,85.3
277,9.24,97,car,0.50,1484.8,639.6,1565.9,687.9,1525.3,663.8,8,89.8
277,9.24,124,car,0.57,1020.1,326.9,1123.8,365.9,1071.9,346.4,3,67.2
277,9.24,111,car,0.58,748.7,361.9,823.9,430.8,786.3,396.4,4,87.1
278,9.28,158,car,0.61,1305.4,248.9,1381.7,306.6,1343.5,277.7,2,85.1
278,9.28,97,car,0.50,1500.6,637.4,1575.0,688.1,1537.8,662.8,8,89.5
278,9.28,124,car,0.58,1011.7,326.6,1113.1,365.4,1062.4,346.0,3,65.9
278,9.28,111,car,0.50,734.4,361.8,810.8,430.6,772.6,396.2,4,86.8
279,9.31,158,car,0.62,1291.8,248.7,1365.9,305.7,1328.8,277.2,2,84.6
279,9.31,97,car,0.46,1515.2,633.9,1590.3,688.1,1552.7,661.0,8,89.4
279,9.31,124,car,0.56,1000.8,326.2,1102.7,365.9,1051.7,346.0,3,65.7
279,9.31,111,car,0.61,720.1,360.6,795.6,432.1,757.9,396.4,4,87.0
280,9.34,158,car,0.62,1277.0,247.8,1353.0,304.8,1315.0,276.3,2,84.9
280,9.34,97,car,0.40,1528.8,636.3,1603.0,687.8,1565.9,662.0,8,88.7
280,9.34,124,car,0.62,988.8,326.4,1092.2,365.6,1040.5,346.0,3,65.3
280,9.34,111,car,0.53,705.5,364.4,779.0,432.2,742.3,398.3,4,87.3
281,9.38,158,car,0.62,1263.4,247.7,1337.7,304.7,1300.5,276.2,2,85.2
281,9.38,97,car,0.41,1544.0,635.1,1618.5,687.3,1581.2,661.2,8,88.1
281,9.38,124,car,0.61,976.2,326.4,1080.5,365.1,1028.4,345.8,3,65.7
281,9.38,111,car,0.37,691.7,367.0,764.1,431.6,727.9,399.3,4,86.6
282,9.41,158,car,0.48,1249.1,247.0,1323.8,304.5,1286.4,275.8,2,84.5
282,9.41,97,car,0.53,1559.2,633.4,1634.0,687.3,1596.6,660.3,8,87.4
282,9.41,124,car,0.58,965.6,326.5,1068.9,364.4,1017.2,345.5,3,65.2
282,9.41,111,car,0.53,677.3,366.6,748.3,430.0,712.8,398.3,4,87.1
283,9.44,158,car,0.55,1235.1,247.5,1309.3,305.2,1272.2,276.3,2,84.3
283,9.44,97,car,0.44,1572.6,636.2,1647.6,686.7,1610.1,661.4,8,86.9
283,9.44,124,car,0.60,952.2,327.5,1059.9,365.2,1006.0,346.3,3,65.4
283,9.44,111,car,0.49,663.8,369.7,733.3,431.6,698.5,400.6,5,86.3
284,9.48,158,car,0.60,1222.8,249.4,1295.2,306.0,1259.0,277.7,2,83.5
284,9.48,97,car,0.47,1585.8,634.7,1662.5,686.4,1624.2,660.6,8,88.1
284,9.48,124,car,0.59,941.8,325.3,1050.5,367.0,996.1,346.1,3,65.0
284,9.48,111,car,0.52,649.4,370.3,717.4,430.9,683.4,400.6,5,85.6
285,9.51,158,car,0.56,1206.7,249.9,1281.0,305.7,1243.9,277.8,2,83.7
285,9.51,97,car,0.56,1602.3,635.5,1678.1,686.3,1640.2,660.9,8,88.3
285,9.51,124,car,0.54,931.2,326.0,1037.8,366.6,984.5,346.3,3,65.9
285,9.51,111,car,0.52,634.7,369.2,702.8,430.4,668.8,399.8,4,86.8
286,9.54,158,car,0.60,1192.7,250.0,1267.3,305.4,1230.0,277.7,2,83.5
286,9.54,97,car,0.46,1616.8,637.4,1692.2,685.9,1654.5,661.7,8,87.0
286,9.54,124,car,0.53,922.0,326.4,1025.1,365.3,973.5,345.8,3,64.7
286,9.54,111,car,0.49,619.4,371.3,689.7,429.5,654.6,400.4,5,86.5
287,9.58,158,car,0.59,1178.5,249.1,1254.0,305.7,1216.2,277.4,2,83.6
287,9.58,97,car,0.51,1632.7,635.1,1710.0,686.0,1671.4,660.6,8,88.1
287,9.58,124,car,0.54,911.2,327.1,1016.5,365.7,963.8,346.4,3,64.4
287,9.58,111,car,0.57,603.4,371.1,675.4,430.2,639.4,400.7,5,86.7
288,9.61,158,car,0.60,1164.3,247.5,1238.1,307.9,1201.2,277.7,2,83.7
288,9.61,97,car,0.48,1649.8,635.5,1726.0,686.1,1687.9,660.8,8,88.9
288,9.61,124,car,0.48,901.2,326.0,1008.2,366.2,954.7,346.1,3,63.0
288,9.61,111,car,0.49,589.4,370.4,659.3,431.5,624.3,401.0,5,85.5
289,9.64,158,car,0.60,1151.0,246.8,1224.6,306.6,1187.8,276.7,2,82.9
289,9.64,97,car,0.49,1663.1,635.5,1740.1,685.2,1701.6,660.3,8,88.1
289,9.64,124,car,0.57,886.9,326.4,994.0,365.8,940.4,346.1,3,64.3
289,9.64,111,car,0.53,574.5,370.1,646.6,432.1,610.5,401.1,5,86.0
290,9.68,158,car,0.60,1135.5,247.0,1210.7,306.9,1173.1,277.0,2,83.8
290,9.68,97,car,0.45,1678.2,633.6,1754.8,685.5,1716.5,659.6,8,86.8
290,9.68,124,car,0.53,877.4,325.4,981.4,365.7,929.4,345.5,3,64.7
290,9.68,111,car,0.55,557.8,367.0,632.2,431.6,595.0,399.3,4,86.8
291,9.71,158,car,0.60,1122.2,248.6,1196.5,305.9,1159.4,277.3,2,83.6
291,9.71,97,car,0.43,1694.2,633.7,1770.7,684.9,1732.4,659.3,8,88.3
291,9.71,124,car,0.60,864.8,326.6,971.7,366.0,918.2,346.3,3,65.4
291,9.71,111,car,0.49,544.5,365.0,619.5,430.4,582.0,397.7,4,86.5
292,9.74,158,car,0.58,1106.4,246.6,1181.5,306.3,1144.0,276.4,2,83.9
292,9.74,97,car,0.48,1707.7,634.4,1785.6,684.3,1746.6,659.4,8,88.0
292,9.74,124,car,0.61,855.3,326.6,958.8,365.9,907.1,346.3,3,65.6
292,9.74,111,car,0.58,529.5,361.1,606.5,432.5,568.0,396.8,4,86.1
293,9.78,158,car,0.58,1090.7,246.9,1165.9,307.2,1128.3,277.0,2,84.7
293,9.78,124,car,0.62,845.2,326.5,946.7,366.2,895.9,346.4,3,65.6
293,9.78,111,car,0.44,514.2,363.3,592.9,433.2,553.6,398.3,4,85.6
294,9.81,158,car,0.59,1079.4,248.7,1153.8,308.9,1116.6,278.8,2,83.5
294,9.81,124,car,0.64,833.0,327.7,935.8,366.2,884.4,346.9,3,65.3
294,9.81,111,car,0.37,500.8,363.9,577.8,434.0,539.3,398.9,4,85.6
294,9.81,97,car,0.30,1738.5,636.2,1814.7,684.5,1776.6,660.3,8,88.8
295,9.84,158,car,0.56,1063.4,249.3,1138.7,307.9,1101.0,278.6,2,84.1
295,9.84,124,car,0.52,824.3,327.4,925.4,365.8,874.9,346.6,3,64.6
295,9.84,97,car,0.35,1749.5,632.3,1832.4,685.4,1791.0,658.8,8,88.4
296,9.88,158,car,0.56,1050.6,251.6,1123.5,306.4,1087.0,279.0,2,84.0
296,9.88,124,car,0.46,813.8,327.4,917.2,366.3,865.5,346.8,3,63.8
297,9.91,158,car,0.62,1034.8,249.8,1110.8,306.5,1072.8,278.1,2,84.5
297,9.91,124,car,0.61,799.8,326.7,903.4,367.1,851.6,346.9,3,65.6
298,9.95,158,car,0.60,1019.8,250.9,1096.2,305.9,1058.0,278.4,2,84.3
298,9.95,124,car,0.56,791.3,325.7,893.7,367.7,842.5,346.7,3,64.5
298,9.95,97,car,0.37,1796.5,631.3,1877.6,684.9,1837.0,658.1,8,88.6
299,9.98,158,car,0.58,1006.3,250.6,1081.5,306.8,1043.9,278.7,2,84.5
299,9.98,124,car,0.56,778.1,325.4,880.9,366.9,829.5,346.2,3,65.4
299,9.98,97,car,0.33,1814.9,634.6,1892.7,683.6,1853.8,659.1,8,89.8
300,10.01,158,car,0.59,990.2,251.1,1066.6,307.6,1028.4,279.3,2,85.3
300,10.01,124,car,0.67,765.7,325.1,872.0,369.0,818.8,347.1,3,65.8
300,10.01,111,car,0.54,410.1,361.0,487.4,429.5,448.8,395.3,4,86.5
301,10.05,158,car,0.58,979.3,251.7,1054.0,309.5,1016.7,280.6,2,83.7
301,10.05,124,car,0.62,758.0,324.8,860.6,368.6,809.3,346.7,3,66.0
301,10.05,97,car,0.33,1847.4,634.6,1920.0,683.3,1883.7,658.9,8,90.1
302,10.08,158,car,0.57,964.4,250.3,1040.6,308.6,1002.5,279.5,2,84.1
302,10.08,124,car,0.62,748.2,324.2,848.2,368.5,798.2,346.3,3,64.5
302,10.08,111,car,0.41,384.4,360.4,457.4,429.3,420.9,394.8,4,86.2
303,10.11,158,car,0.49,949.1,251.7,1024.6,306.0,986.8,278.8,2,84.5
303,10.11,124,car,0.56,734.7,325.8,836.5,367.1,785.6,346.5,3,65.3
303,10.11,111,car,0.35,368.6,363.4,443.1,432.3,405.9,397.8,4,86.2
304,10.15,158,car,0.43,935.9,251.0,1011.9,305.5,973.9,278.2,2,84.2
304,10.15,124,car,0.48,726.1,326.5,828.3,366.8,777.2,346.6,3,64.0
304,10.15,111,car,0.35,353.9,364.6,430.1,432.8,392.0,398.7,4,85.9
305,10.18,158,car,0.49,922.8,251.8,997.8,305.8,960.3,278.8,2,83.4
305,10.18,124,car,0.41,713.7,325.7,815.6,365.5,764.7,345.6,3,64.6
305,10.18,111,car,0.31,339.5,360.9,415.7,432.4,377.6,396.6,4,86.0
306,10.21,158,car,0.55,909.7,253.0,982.5,305.8,946.1,279.4,2,82.7
306,10.21,124,car,0.60,702.8,325.4,805.3,366.2,754.0,345.8,3,64.4
306,10.21,111,car,0.34,322.7,364.7,400.2,431.1,361.4,397.9,4,86.3
307,10.25,158,car,0.56,892.9,252.1,968.1,304.7,930.5,278.4,2,84.4
307,10.25,124,car,0.56,692.3,325.5,793.4,365.6,742.9,345.6,3,64.2
307,10.25,111,car,0.57,312.8,365.0,391.4,430.3,352.1,397.7,4,84.5
308,10.28,158,car,0.56,882.3,253.4,955.2,305.4,918.7,279.4,2,82.7
308,10.28,124,car,0.62,682.2,324.5,782.1,365.3,732.1,344.9,3,64.8
308,10.28,111,car,0.40,295.7,363.3,376.7,429.3,336.2,396.3,4,85.2
309,10.31,124,car,0.63,670.2,325.0,771.9,365.5,721.1,345.3,3,65.6
309,10.31,111,car,0.36,284.6,360.9,361.1,428.2,322.8,394.6,4,84.5
310,10.35,124,car,0.58,659.5,325.4,761.8,366.6,710.7,346.0,3,63.9
310,10.35,111,car,0.39,269.5,360.9,344.0,426.7,306.7,393.8,4,85.5
310,10.35,158,car,0.41,853.8,255.0,926.2,308.9,890.0,281.9,2,83.0
311,10.38,124,car,0.58,649.5,325.7,750.1,366.6,699.8,346.2,3,64.8
311,10.38,158,car,0.54,840.0,254.9,914.4,307.3,877.2,281.1,2,82.5
312,10.41,124,car,0.60,638.3,326.1,741.0,366.5,689.7,346.3,3,63.4
312,10.41,158,car,0.48,825.7,254.8,898.6,305.8,862.2,280.3,2,82.5
313,10.45,124,car,0.60,627.3,326.4,728.7,365.9,678.0,346.2,3,63.9
313,10.45,158,car,0.56,812.9,256.2,884.1,306.9,848.5,281.6,2,82.4
313,10.45,205,car,0.64,1502.9,609.6,1573.3,681.8,1538.1,645.7,8,0.0
313,10.45,111,car,0.51,219.1,364.5,298.8,426.4,259.0,395.5,4,86.8
314,10.48,124,car,0.48,615.8,326.6,716.5,365.8,666.2,346.2,3,64.9
314,10.48,158,car,0.46,796.8,255.6,871.6,307.8,834.2,281.7,2,81.8
314,10.48,205,car,0.54,1513.2,607.0,1587.7,680.3,1550.4,643.6,8,73.8
315,10.51,124,car,0.65,605.4,325.3,706.1,367.1,655.7,346.2,3,64.7
315,10.51,158,car,0.45,786.7,257.1,857.4,307.5,822.1,282.3,2,82.0
315,10.51,111,car,0.41,191.6,361.1,267.8,424.6,229.7,392.9,4,86.9
316,10.55,124,car,0.58,595.3,325.7,693.7,366.3,644.5,346.0,3,64.0
316,10.55,158,car,0.49,772.4,257.3,844.5,309.7,808.5,283.5,2,81.8
317,10.58,124,car,0.59,584.0,326.3,682.9,365.5,633.4,345.9,3,65.2
317,10.58,158,car,0.48,757.9,257.0,829.3,307.7,793.6,282.4,2,81.4
317,10.58,111,car,0.45,163.6,366.0,242.2,429.9,202.9,398.0,4,86.3
318,10.61,124,car,0.50,573.7,325.9,671.3,365.4,622.5,345.6,3,64.5
318,10.61,158,car,0.56,745.0,257.1,815.5,308.5,780.2,282.8,2,81.6
318,10.61,207,car,0.44,1066.9,552.8,1171.7,597.8,1119.3,575.3,6,0.0
318,10.61,111,car,0.43,148.8,363.8,230.0,432.0,189.4,397.9,4,85.0
319,10.65,124,car,0.56,562.4,326.0,664.3,366.7,613.4,346.3,3,63.8
319,10.65,158,car,0.44,730.0,255.5,801.0,308.7,765.5,282.1,2,82.1
319,10.65,207,car,0.49,1061.9,553.6,1172.2,597.7,1117.1,575.7,6,13.2
320,10.68,124,car,0.42,551.3,326.4,653.7,365.3,602.5,345.9,3,63.7
320,10.68,158,car,0.50,716.9,255.6,786.7,307.8,751.8,281.7,2,81.9
320,10.68,207,car,0.49,1062.0,554.2,1172.4,597.2,1117.2,575.7,6,6.3
320,10.68,208,car,0.44,1062.0,545.0,1174.2,587.9,1118.1,566.5,6,0.0
320,10.68,111,car,0.32,121.4,361.3,200.3,435.1,160.8,398.2,4,85.2
321,10.71,124,car,0.56,539.3,327.0,640.2,364.2,589.8,345.6,3,64.6
321,10.71,158,car,0.44,703.3,254.3,774.2,308.8,738.7,281.5,2,80.8
321,10.71,207,car,0.49,1067.3,555.9,1171.4,597.5,1119.4,576.7,6,2.7
321,10.71,208,car,0.43,1067.1,545.3,1172.8,587.3,1120.0,566.3,6,11.1
321,10.71,111,car,0.39,106.1,362.1,185.3,432.8,145.7,397.4,4,85.3
322,10.75,124,car,0.54,528.6,325.2,630.4,365.0,579.5,345.1,3,64.2
322,10.75,158,car,0.39,690.2,257.1,761.3,305.9,725.8,281.5,2,81.3
322,10.75,207,car,0.53,1072.2,558.1,1170.3,598.8,1121.3,578.5,6,5.5
322,10.75,208,car,0.41,1071.9,544.9,1171.7,591.9,1121.8,568.4,6,12.3
322,10.75,111,car,0.35,91.3,359.9,173.6,428.5,132.5,394.2,4,85.1
323,10.78,124,car,0.52,517.5,325.0,619.0,367.0,568.3,346.0,3,64.6
323,10.78,158,car,0.54,674.3,256.5,745.3,308.5,709.8,282.5,2,81.8
323,10.78,207,car,0.50,1078.7,558.3,1168.1,600.3,1123.4,579.3,6,6.8
323,10.78,208,car,0.38,1078.8,544.8,1169.5,594.8,1124.1,569.8,6,13.6
323,10.78,111,car,0.49,75.4,360.0,157.7,426.8,116.6,393.4,4,85.6
324,10.81,124,car,0.53,506.3,325.9,606.9,365.7,556.6,345.8,3,65.0
324,10.81,158,car,0.40,662.8,256.1,731.3,311.3,697.1,283.7,2,81.7
324,10.81,207,car,0.49,1091.0,563.5,1168.9,600.4,1129.9,582.0,6,12.4
324,10.81,111,car,0.30,60.0,364.0,140.8,429.0,100.4,396.5,4,85.6
325,10.85,124,car,0.59,495.4,325.8,595.2,365.7,545.3,345.8,3,65.5
325,10.85,158,car,0.55,648.6,257.3,718.2,309.5,683.4,283.4,2,81.1
325,10.85,207,car,0.34,1105.4,566.0,1171.3,598.8,1138.3,582.4,6,17.1
325,10.85,111,car,0.39,45.0,359.5,129.1,426.3,87.1,392.9,4,86.9
326,10.88,124,car,0.62,486.5,325.5,585.3,365.8,535.9,345.7,3,64.5
326,10.88,158,car,0.47,632.0,256.5,703.9,307.2,668.0,281.8,2,81.9
326,10.88,207,car,0.38,1118.2,567.5,1171.0,598.4,1144.6,583.0,6,19.5
326,10.88,111,car,0.49,26.2,359.5,111.1,425.8,68.6,392.6,4,87.7
327,10.91,124,car,0.38,478.3,325.9,573.1,365.0,525.7,345.4,3,63.8
327,10.91,158,car,0.52,619.5,257.6,690.0,304.9,654.7,281.2,2,81.5
327,10.91,111,car,0.42,12.1,360.9,95.1,426.1,53.6,393.5,4,88.2
328,10.95,124,car,0.59,463.9,326.5,565.8,366.6,514.8,346.6,3,63.9
328,10.95,158,car,0.55,603.9,257.3,676.9,305.8,640.4,281.6,2,82.4
328,10.95,111,car,0.54,0.0,358.5,81.1,429.4,40.6,394.0,4,87.2
329,10.98,124,car,0.54,451.1,326.0,552.9,366.1,502.0,346.0,3,64.7
329,10.98,158,car,0.33,591.4,256.8,663.1,310.8,627.2,283.8,2,82.3
329,10.98,111,car,0.52,0.0,361.6,63.9,431.7,32.0,396.6,4,83.7
330,11.01,124,car,0.60,442.6,325.6,542.0,366.5,492.3,346.1,3,64.1
330,11.01,158,car,0.51,576.4,257.4,648.8,309.4,612.6,283.4,2,82.1
330,11.01,111,car,0.48,0.0,361.2,48.4,436.5,24.2,398.8,4,80.9
331,11.05,124,car,0.48,429.2,326.1,531.3,365.4,480.3,345.8,3,64.5
331,11.05,158,car,0.57,560.8,255.3,634.4,311.4,597.6,283.3,2,82.9
332,11.08,124,car,0.57,417.1,325.8,520.8,367.7,469.0,346.8,3,65.5
332,11.08,158,car,0.50,551.0,256.6,620.9,309.2,585.9,282.9,2,81.5
333,11.11,124,car,0.49,407.8,325.7,509.8,366.7,458.8,346.2,3,65.2
333,11.11,158,car,0.52,533.8,256.6,607.0,308.0,570.4,282.3,2,82.3
334,11.15,124,car,0.58,396.8,325.7,498.0,365.6,447.4,345.7,3,64.6
334,11.15,158,car,0.44,517.9,257.4,592.7,305.9,555.3,281.6,2,83.2
335,11.18,124,car,0.62,387.8,326.1,488.4,366.3,438.1,346.2,3,64.2
335,11.18,158,car,0.57,506.9,258.1,579.7,307.2,543.3,282.6,2,82.8
336,11.21,124,car,0.55,375.0,326.0,477.5,367.4,426.2,346.7,3,64.5
336,11.21,158,car,0.47,492.1,258.5,564.1,311.1,528.1,284.8,2,82.5
337,11.25,124,car,0.64,363.0,327.7,465.0,369.7,414.0,348.7,4,64.7
337,11.25,158,car,0.60,477.5,258.1,550.3,310.1,513.9,284.1,2,83.1
338,11.28,124,car,0.58,354.3,326.7,453.5,370.2,403.9,348.4,4,64.2
338,11.28,158,car,0.54,461.9,257.9,536.9,309.8,499.4,283.9,2,83.5
338,11.28,217,car,0.47,78.2,559.6,158.5,607.6,118.4,583.6,7,0.0
339,11.31,124,car,0.63,343.6,326.5,444.9,371.2,394.2,348.9,4,64.3
339,11.31,158,car,0.34,451.9,258.8,524.1,310.2,488.0,284.5,2,81.7
340,11.35,124,car,0.58,332.4,326.0,435.6,370.8,384.0,348.4,4,64.3
340,11.35,158,car,0.40,439.5,259.0,509.6,309.6,474.5,284.3,2,81.8
341,11.38,124,car,0.67,322.3,324.2,422.5,371.1,372.4,347.7,3,64.6
341,11.38,158,car,0.36,427.1,259.8,496.3,306.4,461.7,283.1,2,81.1
341,11.38,219,car,0.55,122.3,561.9,198.6,609.6,160.4,585.7,7,0.0
342,11.41,124,car,0.65,312.9,323.9,412.3,369.7,362.6,346.8,3,63.3
342,11.41,158,car,0.44,414.4,259.3,482.6,308.0,448.5,283.7,2,81.1
342,11.41,219,car,0.42,133.1,562.2,212.8,610.2,173.0,586.2,7,74.0
343,11.45,124,car,0.67,300.9,325.1,404.8,368.8,352.8,346.9,3,63.3
343,11.45,219,car,0.54,154.9,563.5,229.2,613.9,192.1,588.7,7,93.8
344,11.48,124,car,0.53,294.1,325.8,394.6,366.7,344.3,346.2,3,61.7
344,11.48,219,car,0.55,170.0,564.2,245.0,615.9,207.5,590.1,7,92.9
344,11.48,220,car,0.49,0.0,660.5,50.6,727.8,25.3,694.2,8,0.0
344,11.48,158,car,0.34,386.3,259.8,454.5,311.1,420.4,285.4,2,81.0
345,11.51,124,car,0.44,280.6,325.4,381.4,365.3,331.0,345.4,3,62.6
345,11.51,219,car,0.53,189.6,558.2,259.8,617.0,224.7,587.6,7,94.8
345,11.51,220,car,0.42,0.0,660.4,65.9,727.8,32.9,694.1,8,45.2
345,11.51,158,car,0.32,370.4,258.6,441.7,308.7,406.1,283.6,2,80.7
346,11.55,124,car,0.51,268.8,325.7,370.0,365.2,319.4,345.5,3,63.3
346,11.55,219,car,0.54,198.3,561.1,274.0,617.2,236.1,589.2,7,89.4
347,11.58,124,car,0.59,257.8,326.1,358.3,365.1,308.0,345.6,3,63.3
347,11.58,219,car,0.35,213.1,563.7,288.1,614.3,250.6,589.0,7,88.7
347,11.58,220,car,0.34,1.8,662.5,99.3,725.3,50.6,693.9,8,49.8
347,11.58,158,car,0.51,343.6,258.4,414.6,310.4,379.1,284.4,2,81.4
348,11.61,124,car,0.59,247.3,327.3,347.3,365.7,297.3,346.5,3,63.9
348,11.61,219,car,0.46,228.2,564.0,302.1,613.9,265.2,588.9,7,88.3
348,11.61,158,car,0.48,332.9,259.6,405.5,307.2,369.2,283.4,2,79.1
349,11.65,124,car,0.58,236.2,326.2,334.2,366.0,285.2,346.1,3,64.0
349,11.65,219,car,0.46,245.7,562.2,316.6,612.0,281.1,587.1,7,89.0
349,11.65,158,car,0.54,321.3,258.3,390.1,307.8,355.7,283.1,2,78.5
349,11.65,220,car,0.39,13.1,677.1,128.6,725.9,70.9,701.5,9,54.5
350,11.68,124,car,0.53,225.2,324.7,323.2,367.3,274.2,346.0,3,63.5
350,11.68,219,car,0.49,260.6,561.0,331.7,610.8,296.2,585.9,7,89.0
350,11.68,158,car,0.39,300.0,258.6,375.1,308.6,337.5,283.6,2,80.9
350,11.68,220,car,0.43,24.7,675.5,142.7,725.9,83.7,700.7,9,57.8
351,11.71,124,car,0.49,213.4,325.6,313.6,367.1,263.5,346.3,3,63.7
351,11.71,219,car,0.54,277.4,560.0,345.0,609.6,311.2,584.8,7,88.9
351,11.71,158,car,0.38,286.7,258.9,360.5,312.2,323.6,285.5,2,80.4
351,11.71,220,car,0.53,39.0,675.8,157.7,725.5,98.4,700.6,9,61.8
352,11.75,124,car,0.51,202.1,325.2,301.8,367.2,252.0,346.2,3,64.6
352,11.75,158,car,0.37,268.5,256.6,346.5,313.2,307.5,284.9,2,81.2
352,11.75,220,car,0.35,47.9,676.5,171.9,727.6,109.9,702.1,9,62.7
353,11.78,158,car,0.30,259.3,257.1,333.1,317.2,296.2,287.1,2,79.9
353,11.78,219,car,0.40,306.6,559.2,376.0,607.6,341.3,583.4,7,88.9
354,11.81,158,car,0.39,241.6,255.7,318.3,314.7,279.9,285.2,2,81.8
354,11.81,219,car,0.40,318.2,560.5,390.5,607.4,354.4,583.9,7,88.0
354,11.81,124,car,0.46,177.7,324.4,280.0,368.1,228.8,346.3,3,65.4
354,11.81,220,car,0.45,79.8,676.3,197.5,725.5,138.6,700.9,9,67.0
355,11.85,158,car,0.34,230.9,257.9,305.2,311.8,268.0,284.8,2,81.2
355,11.85,219,car,0.31,332.7,560.1,405.2,607.6,369.0,583.9,7,87.9
355,11.85,221,car,0.58,1856.6,259.2,1920.0,307.6,1888.3,283.4,2,0.0
355,11.85,124,car,0.57,168.8,325.0,268.0,367.3,218.4,346.2,3,64.9
356,11.88,158,car,0.50,217.7,258.4,290.4,309.5,254.0,284.0,2,81.7
356,11.88,221,car,0.56,1843.5,260.5,1918.1,305.2,1880.8,282.8,2,44.5
356,11.88,124,car,0.32,157.5,323.8,256.9,366.6,207.2,345.2,3,65.5
356,11.88,220,car,0.40,112.1,677.9,226.7,725.2,169.4,701.5,9,71.0
357,11.91,158,car,0.50,203.9,259.0,275.9,309.8,239.9,284.4,2,82.0
357,11.91,221,car,0.47,1827.3,259.7,1904.0,308.6,1865.6,284.1,2,66.9
357,11.91,124,car,0.52,148.4,324.4,247.0,365.9,197.7,345.1,3,65.4
357,11.91,220,car,0.49,125.4,679.1,242.1,725.7,183.7,702.4,9,72.0
358,11.95,158,car,0.61,191.3,259.5,262.0,307.7,226.7,283.6,2,81.6
358,11.95,221,car,0.56,1809.2,259.9,1886.5,308.7,1847.9,284.3,2,79.5
358,11.95,124,car,0.39,135.1,324.7,236.6,367.6,185.8,346.2,3,66.8
358,11.95,220,car,0.42,141.3,678.3,254.5,726.8,197.9,702.5,9,72.8
358,11.95,219,car,0.45,372.3,563.0,447.2,608.6,409.7,585.8,7,87.3
359,11.98,158,car,0.60,177.9,257.2,248.9,310.5,213.4,283.8,2,81.2
359,11.98,221,car,0.54,1794.8,261.0,1875.0,310.0,1834.9,285.5,2,78.8
359,11.98,124,car,0.44,123.8,325.7,227.2,366.3,175.5,346.0,3,65.5
359,11.98,220,car,0.57,157.4,679.0,266.6,726.6,212.0,702.8,9,73.5
360,12.01,158,car,0.59,166.5,257.6,236.0,317.1,201.3,287.3,2,80.7
360,12.01,124,car,0.47,112.4,326.3,217.7,367.4,165.1,346.9,3,65.1
360,12.01,219,car,0.33,404.8,563.1,476.1,610.8,440.5,586.9,7,86.2
361,12.05,158,car,0.64,150.6,256.8,221.4,317.4,186.0,287.1,2,83.1
361,12.05,124,car,0.56,101.9,325.5,206.8,366.7,154.4,346.1,3,64.8
361,12.05,221,car,0.56,1763.0,261.2,1837.9,308.2,1800.4,284.7,2,86.4
362,12.08,158,car,0.59,138.8,257.8,208.2,311.4,173.5,284.6,2,82.7
362,12.08,124,car,0.59,91.3,324.9,197.4,365.9,144.4,345.4,3,64.4
362,12.08,221,car,0.57,1746.9,261.0,1820.2,309.0,1783.6,285.0,2,88.3
363,12.11,158,car,0.65,125.1,256.7,195.0,314.4,160.0,285.6,2,80.5
363,12.11,124,car,0.61,79.0,324.9,185.8,365.5,132.4,345.2,3,64.4
363,12.11,221,car,0.33,1730.7,259.4,1802.9,308.5,1766.8,284.0,2,89.6
364,12.15,158,car,0.57,111.1,256.5,180.8,314.7,146.0,285.6,2,80.6
364,12.15,124,car,0.62,68.2,324.6,173.9,365.2,121.0,344.9,3,64.5
364,12.15,221,car,0.57,1714.3,259.7,1786.1,306.6,1750.2,283.1,2,90.5
364,12.15,220,car,0.52,222.1,684.5,337.9,726.6,280.0,705.6,9,75.2
365,12.18,158,car,0.63,96.7,256.1,166.1,315.1,131.4,285.6,2,79.9
365,12.18,124,car,0.66,55.4,324.8,160.5,364.9,107.9,344.8,3,65.6
365,12.18,221,car,0.50,1700.4,261.5,1770.1,306.8,1735.3,284.1,2,90.3
365,12.18,220,car,0.46,238.7,681.5,351.5,726.6,295.1,704.1,9,75.8
365,12.18,219,car,0.33,477.4,562.5,546.4,607.5,511.9,585.0,7,85.5
366,12.21,158,car,0.58,81.4,254.4,153.4,319.2,117.4,286.8,2,81.1
366,12.21,124,car,0.64,46.2,325.3,151.0,363.4,98.6,344.3,3,64.6
366,12.21,221,car,0.55,1684.7,261.7,1757.0,307.1,1720.8,284.4,2,89.8
366,12.21,220,car,0.32,252.3,680.5,360.7,725.6,306.5,703.1,9,76.9
367,12.25,158,car,0.52,69.5,254.2,139.9,319.4,104.7,286.8,2,79.5
367,12.25,124,car,0.66,34.1,325.5,139.4,364.9,86.7,345.2,3,64.5
367,12.25,221,car,0.54,1668.5,261.5,1741.6,308.5,1705.0,285.0,2,90.1
368,12.28,158,car,0.59,52.4,252.8,126.9,321.5,89.7,287.1,2,81.0
368,12.28,124,car,0.64,23.4,325.8,128.1,364.2,75.7,345.0,3,64.8
368,12.28,221,car,0.60,1654.7,260.3,1726.4,308.1,1690.5,284.2,2,89.8
368,12.28,219,car,0.37,518.3,562.1,588.1,607.2,553.2,584.6,7,84.3
369,12.31,158,car,0.55,39.5,254.0,114.0,322.1,76.7,288.0,2,80.5
369,12.31,124,car,0.64,11.3,326.0,115.0,364.1,63.1,345.0,3,65.4
369,12.31,221,car,0.56,1638.2,260.6,1712.1,307.2,1675.2,283.9,2,89.8
370,12.35,158,car,0.53,27.3,254.6,102.9,323.2,65.1,288.9,2,79.3
370,12.35,124,car,0.62,4.3,326.2,104.7,363.6,54.5,344.9,3,65.0
370,12.35,221,car,0.57,1622.7,260.8,1696.0,306.8,1659.4,283.8,2,93.3
370,12.35,219,car,0.39,548.1,559.9,618.3,608.0,583.2,583.9,7,85.3
371,12.38,158,car,0.40,7.9,254.5,88.7,323.1,48.3,288.8,2,81.0
371,12.38,124,car,0.59,0.0,326.5,91.6,363.7,45.8,345.1,3,63.5
371,12.38,221,car,0.60,1608.7,259.2,1680.2,306.9,1644.4,283.0,2,93.2
371,12.38,219,car,0.48,563.6,555.6,631.2,610.5,597.4,583.0,7,85.3
372,12.41,158,car,0.50,0.0,255.6,75.4,322.5,37.7,289.0,2,79.8
372,12.41,124,car,0.58,0.0,326.0,81.5,364.1,40.8,345.0,3,61.2
372,12.41,221,car,0.59,1592.1,259.2,1665.2,306.3,1628.7,282.8,2,92.4
372,12.41,219,car,0.43,575.3,558.0,646.5,610.7,610.9,584.4,7,85.0
373,12.45,158,car,0.35,0.0,252.5,60.8,323.2,30.4,287.8,2,77.5
373,12.45,124,car,0.45,0.0,326.0,68.6,363.6,34.3,344.8,3,59.3
373,12.45,221,car,0.58,1577.9,259.8,1649.7,306.0,1613.8,282.9,2,93.2
373,12.45,219,car,0.45,590.1,560.2,664.5,613.6,627.3,586.9,7,85.1
374,12.48,221,car,0.64,1563.9,258.8,1636.3,306.7,1600.1,282.7,2,90.9
374,12.48,219,car,0.51,602.8,563.8,681.9,615.7,642.3,589.7,7,85.1
375,12.51,221,car,0.56,1547.3,259.1,1619.4,305.5,1583.3,282.3,2,90.9
375,12.51,219,car,0.50,617.5,561.6,693.2,617.4,655.3,589.5,7,84.6
376,12.55,221,car,0.59,1532.4,257.7,1603.4,306.3,1567.9,282.0,2,90.3
377,12.58,221,car,0.62,1516.8,257.5,1590.6,309.2,1553.7,283.4,2,89.2
378,12.61,221,car,0.56,1504.8,257.2,1576.7,308.5,1540.8,282.9,2,88.3
378,12.61,220,car,0.37,417.8,675.3,532.2,721.6,475.0,698.4,9,80.8
379,12.65,221,car,0.59,1489.3,255.7,1561.2,308.2,1525.3,282.0,2,88.8
379,12.65,220,car,0.55,436.0,674.3,546.1,722.9,491.1,698.6,9,82.6
380,12.68,221,car,0.62,1473.9,257.9,1546.4,309.6,1510.1,283.7,2,88.5
380,12.68,220,car,0.45,453.4,674.2,560.1,720.6,506.8,697.4,9,83.2
380,12.68,219,car,0.42,686.1,562.1,772.1,609.9,729.1,586.0,7,84.7
381,12.71,221,car,0.59,1460.3,258.6,1531.3,310.5,1495.8,284.5,2,88.4
381,12.71,220,car,0.50,468.2,674.5,574.3,719.5,521.2,697.0,9,83.2
381,12.71,219,car,0.46,701.0,564.6,781.7,608.4,741.3,586.5,7,84.6
382,12.75,221,car,0.47,1444.5,258.5,1515.0,309.9,1479.7,284.2,2,88.7
382,12.75,220,car,0.64,481.9,674.0,588.0,719.3,534.9,696.7,9,83.6
382,12.75,219,car,0.39,713.4,562.6,792.4,607.9,752.9,585.2,7,83.9
382,12.75,224,car,0.48,0.3,660.3,51.7,716.3,26.0,688.3,8,0.0
383,12.78,221,car,0.57,1426.8,258.6,1498.4,309.6,1462.6,284.1,2,89.3
383,12.78,220,car,0.48,496.5,675.5,600.3,718.7,548.4,697.1,9,83.4
383,12.78,224,car,0.56,1.0,662.0,65.1,718.1,33.0,690.1,8,42.9
384,12.82,221,car,0.63,1414.7,258.1,1486.5,310.3,1450.6,284.2,2,88.0
384,12.82,224,car,0.35,12.7,658.2,77.9,719.8,45.3,689.0,8,57.0
385,12.85,221,car,0.56,1400.1,259.3,1471.5,311.0,1435.8,285.2,2,87.5
385,12.85,224,car,0.50,26.4,662.3,94.8,723.4,60.6,692.8,8,68.6
386,12.88,221,car,0.60,1383.9,259.3,1454.1,308.8,1419.0,284.0,2,88.4
386,12.88,224,car,0.36,38.5,659.5,109.2,724.2,73.9,691.9,8,70.8
386,12.88,220,car,0.35,536.7,673.5,643.1,719.2,589.9,696.4,9,82.7
387,12.92,221,car,0.62,1370.0,258.5,1440.0,309.0,1405.0,283.8,2,88.6
387,12.92,224,car,0.46,50.0,663.6,123.1,722.4,86.6,693.0,8,71.7
387,12.92,220,car,0.32,551.9,670.8,658.0,719.2,605.0,695.0,8,82.8
388,12.95,221,car,0.56,1355.5,258.9,1424.4,309.7,1390.0,284.3,2,87.8
388,12.95,224,car,0.39,65.7,665.2,137.1,723.4,101.4,694.3,8,74.4
388,12.95,219,car,0.35,795.5,560.4,872.4,610.7,834.0,585.5,7,83.4
389,12.98,221,car,0.57,1340.2,258.6,1408.6,308.6,1374.4,283.6,2,87.8
389,12.98,224,car,0.38,81.1,670.2,150.0,723.0,115.5,696.6,9,75.8
390,13.02,221,car,0.60,1325.7,258.6,1395.2,308.6,1360.5,283.6,2,87.7
390,13.02,220,car,0.39,597.0,672.2,698.8,719.0,647.9,695.6,8,83.0
390,13.02,219,car,0.50,830.5,566.2,910.6,611.8,870.6,589.0,7,84.6
391,13.05,221,car,0.51,1310.5,258.0,1379.1,307.7,1344.8,282.9,2,88.9
391,13.05,219,car,0.41,848.8,569.6,921.7,611.9,885.3,590.8,7,84.7
391,13.05,224,car,0.37,111.9,666.0,178.9,719.6,145.4,692.8,8,78.3
392,13.08,221,car,0.59,1294.2,257.7,1363.7,308.5,1328.9,283.1,2,89.1
392,13.08,224,car,0.40,126.1,668.9,192.2,719.3,159.1,694.1,8,78.6
393,13.12,221,car,0.58,1278.6,258.7,1350.3,310.0,1314.4,284.3,2,88.8
393,13.12,224,car,0.41,140.3,667.1,201.5,717.7,170.9,692.4,8,77.8
394,13.15,221,car,0.56,1267.5,258.3,1336.1,308.5,1301.8,283.4,2,88.0
394,13.15,224,car,0.30,154.8,666.1,216.0,718.0,185.4,692.1,8,78.4
395,13.18,221,car,0.48,1251.5,258.3,1319.8,307.8,1285.6,283.0,2,88.1
395,13.18,224,car,0.54,171.0,664.2,233.1,716.0,202.0,690.1,8,79.9
395,13.18,219,car,0.31,905.7,569.5,982.3,609.7,944.0,589.6,7,85.4
396,13.22,221,car,0.55,1236.4,258.3,1305.6,309.9,1271.0,284.1,2,87.0
396,13.22,224,car,0.56,187.1,663.0,246.4,718.6,216.7,690.8,8,80.4
396,13.22,219,car,0.45,915.9,568.5,994.8,609.2,955.3,588.9,7,84.4
397,13.25,221,car,0.60,1223.6,257.7,1292.6,308.8,1258.1,283.3,2,87.3
397,13.25,224,car,0.56,198.2,660.8,260.2,718.2,229.2,689.5,8,82.6
398,13.28,221,car,0.51,1207.1,259.5,1277.1,307.6,1242.1,283.5,2,87.9
398,13.28,224,car,0.51,204.4,658.5,271.7,717.4,238.0,687.9,8,81.2
399,13.32,221,car,0.53,1192.7,257.7,1261.5,306.4,1227.1,282.0,2,87.1
399,13.32,224,car,0.54,220.5,656.2,286.2,716.9,253.3,686.5,8,81.3
399,13.32,220,car,0.31,721.9,679.0,825.5,716.3,773.7,697.7,9,82.9
400,13.35,221,car,0.57,1178.5,255.6,1247.9,308.0,1213.2,281.8,2,87.0
400,13.35,224,car,0.47,236.1,654.3,297.5,716.4,266.8,685.3,8,81.3
400,13.35,220,car,0.45,735.1,676.6,838.4,716.3,786.7,696.5,9,83.1
401,13.38,221,car,0.44,1164.3,254.9,1233.4,310.0,1198.9,282.4,2,86.7
401,13.38,224,car,0.46,248.4,654.6,312.8,715.1,280.6,684.8,8,81.8
402,13.42,221,car,0.52,1149.6,256.0,1219.4,311.2,1184.5,283.6,2,86.2
402,13.42,224,car,0.42,262.2,660.0,326.9,716.0,294.6,688.0,8,81.4
402,13.42,220,car,0.49,766.5,671.4,869.8,718.6,818.1,695.0,8,83.4
403,13.45,221,car,0.59,1136.0,257.4,1205.2,311.9,1170.6,284.7,2,86.1
403,13.45,224,car,0.50,277.2,666.3,340.3,717.7,308.7,692.0,8,81.4
404,13.48,221,car,0.52,1122.9,256.4,1189.9,308.9,1156.4,282.7,2,85.5
404,13.48,224,car,0.41,290.3,665.3,354.5,717.6,322.4,691.4,8,80.3
405,13.52,221,car,0.57,1106.8,256.8,1174.9,307.5,1140.8,282.2,2,85.4
405,13.52,224,car,0.41,305.5,672.5,366.3,718.4,335.9,695.5,8,80.2
406,13.55,221,car,0.56,1092.6,256.9,1161.0,308.7,1126.8,282.8,2,85.2
406,13.55,224,car,0.44,318.5,665.9,380.8,716.8,349.6,691.4,8,81.1
406,13.55,219,car,0.31,1059.3,570.0,1150.2,617.9,1104.8,593.9,7,85.5
407,13.58,221,car,0.52,1079.0,257.8,1148.5,309.2,1113.7,283.5,2,85.3
407,13.58,224,car,0.53,332.3,670.9,392.8,717.4,362.6,694.1,8,80.4
408,13.62,221,car,0.41,1062.8,258.9,1133.3,308.6,1098.0,283.7,2,85.1
408,13.62,224,car,0.42,346.1,665.1,407.0,717.3,376.5,691.2,8,79.2
408,13.62,226,car,0.50,1837.7,374.8,1917.6,429.5,1877.7,402.1,5,0.0
408,13.62,220,car,0.31,850.1,666.6,951.2,723.6,900.7,695.1,8,83.5
408,13.62,219,car,0.44,1083.0,570.6,1168.0,615.8,1125.5,593.2,7,84.3
409,13.65,221,car,0.36,1048.9,257.8,1117.2,307.3,1083.1,282.6,2,85.3
409,13.65,224,car,0.41,359.0,663.2,419.1,718.3,389.0,690.7,8,78.2
409,13.65,226,car,0.43,1821.4,378.6,1902.5,427.9,1862.0,403.3,5,92.7
410,13.68,221,car,0.49,1035.0,258.1,1102.3,307.9,1068.6,283.0,2,86.0
410,13.68,224,car,0.55,371.5,669.9,436.1,718.7,403.8,694.3,8,79.3
410,13.68,226,car,0.51,1800.6,379.4,1886.3,427.5,1843.4,403.5,5,101.0
410,13.68,219,car,0.31,1115.0,569.5,1193.8,614.4,1154.4,591.9,7,84.0
411,13.72,221,car,0.42,1019.9,257.4,1089.0,310.2,1054.5,283.8,2,85.1
411,13.72,224,car,0.43,386.0,667.1,449.7,716.3,417.9,691.7,8,81.6
411,13.72,226,car,0.56,1783.0,378.3,1871.9,429.3,1827.4,403.8,5,98.8
411,13.72,219,car,0.35,1133.3,570.8,1207.5,612.2,1170.4,591.5,7,84.2
412,13.75,221,car,0.42,1005.5,258.9,1075.3,309.2,1040.4,284.1,2,84.7
412,13.75,224,car,0.57,401.1,667.5,464.4,715.4,432.8,691.5,8,81.4
412,13.75,226,car,0.44,1768.8,378.6,1855.1,431.4,1812.0,405.0,5,97.0
413,13.78,221,car,0.49,991.3,259.3,1061.1,311.6,1026.2,285.5,2,84.9
413,13.78,224,car,0.56,413.1,662.0,476.9,715.1,445.0,688.5,8,80.9
413,13.78,226,car,0.57,1750.9,379.7,1836.4,431.1,1793.7,405.4,5,99.1
414,13.82,221,car,0.35,979.9,259.0,1046.3,308.9,1013.1,284.0,2,84.3
414,13.82,224,car,0.64,424.5,659.7,489.2,715.1,456.9,687.4,8,80.0
414,13.82,226,car,0.41,1733.9,379.5,1818.6,430.6,1776.2,405.0,5,99.7
414,13.82,219,car,0.46,1173.8,569.9,1253.2,613.0,1213.5,591.4,7,84.4
415,13.85,221,car,0.48,963.3,259.6,1031.6,308.5,997.4,284.0,2,84.9
415,13.85,224,car,0.45,437.6,657.6,502.6,715.6,470.1,686.6,8,79.7
415,13.85,226,car,0.50,1717.1,377.8,1801.7,431.7,1759.4,404.7,5,99.7
415,13.85,219,car,0.51,1186.0,569.9,1270.0,613.4,1228.0,591.7,7,84.1
416,13.88,224,car,0.42,451.3,661.1,514.5,715.6,482.9,688.3,8,79.0
416,13.88,226,car,0.42,1700.0,375.9,1782.5,432.7,1741.3,404.3,5,100.6
416,13.88,219,car,0.55,1201.3,570.6,1285.4,613.2,1243.3,591.9,7,84.6
417,13.92,224,car,0.56,466.1,666.2,530.8,717.6,498.5,691.9,8,79.9
417,13.92,226,car,0.43,1681.8,378.7,1767.6,433.4,1724.7,406.0,5,100.3
417,13.92,219,car,0.57,1213.6,569.4,1300.1,612.8,1256.9,591.1,7,84.9
417,13.92,221,car,0.53,937.8,259.9,1004.7,311.3,971.3,285.6,2,84.0
418,13.95,224,car,0.50,479.7,661.6,543.7,715.3,511.7,688.5,8,79.8
418,13.95,219,car,0.56,1227.3,569.4,1312.3,614.0,1269.8,591.7,7,85.7
418,13.95,221,car,0.45,921.4,261.0,990.8,312.2,956.1,286.6,2,84.4
419,13.98,224,car,0.49,494.5,663.7,557.7,716.4,526.1,690.1,8,80.1
419,13.98,219,car,0.56,1246.2,569.6,1326.5,615.2,1286.4,592.4,7,84.6
419,13.98,221,car,0.32,906.7,260.2,975.3,315.6,941.0,287.9,2,84.2
419,13.98,226,car,0.50,1648.0,374.2,1733.8,432.9,1690.9,403.5,5,100.1
420,14.02,224,car,0.42,508.9,662.4,570.8,716.4,539.8,689.4,8,80.5
420,14.02,219,car,0.60,1261.1,570.1,1344.0,615.8,1302.5,592.9,7,84.9
420,14.02,221,car,0.47,892.8,260.5,961.2,315.0,927.0,287.8,2,84.2
420,14.02,226,car,0.45,1629.6,371.2,1716.0,431.8,1672.8,401.5,5,100.7
421,14.05,224,car,0.56,522.0,667.5,583.7,715.7,552.8,691.6,8,80.0
421,14.05,219,car,0.58,1275.8,570.4,1359.7,617.2,1317.8,593.8,7,84.8
422,14.08,224,car,0.49,535.5,661.6,596.3,715.2,565.9,688.4,8,80.2
422,14.08,219,car,0.53,1293.1,569.7,1375.0,615.7,1334.1,592.7,7,85.9
422,14.08,221,car,0.36,866.2,260.0,933.8,310.2,900.0,285.1,2,84.1
422,14.08,226,car,0.33,1597.6,373.3,1679.7,432.3,1638.6,402.8,5,100.7
423,14.12,224,car,0.46,548.6,660.9,611.0,716.1,579.8,688.5,8,79.9
423,14.12,219,car,0.49,1307.2,570.1,1385.8,613.7,1346.5,591.9,7,83.9
423,14.12,221,car,0.55,851.7,261.0,921.4,310.5,886.6,285.7,2,83.2
423,14.12,226,car,0.46,1579.7,371.3,1660.8,432.0,1620.2,401.6,5,101.2
424,14.15,224,car,0.48,562.4,665.7,624.9,717.8,593.7,691.7,8,79.8
424,14.15,219,car,0.50,1322.8,570.6,1400.4,612.9,1361.6,591.8,7,87.1
424,14.15,221,car,0.46,838.9,261.5,907.7,310.2,873.3,285.8,2,82.5
424,14.15,226,car,0.43,1562.7,372.1,1642.1,430.8,1602.4,401.4,5,102.1
425,14.18,224,car,0.55,576.2,661.2,638.7,716.8,607.5,689.0,8,79.3
425,14.18,219,car,0.46,1340.7,570.8,1414.2,613.3,1377.5,592.1,7,87.7
425,14.18,221,car,0.43,824.6,261.4,892.4,309.8,858.5,285.6,2,82.7
425,14.18,226,car,0.50,1546.2,371.9,1626.9,431.5,1586.5,401.7,5,101.0
426,14.22,224,car,0.42,591.2,662.4,652.4,717.2,621.8,689.8,8,80.2
426,14.22,219,car,0.49,1355.0,569.8,1429.0,611.7,1392.0,590.7,7,87.1
426,14.22,226,car,0.51,1529.3,369.2,1608.1,431.7,1568.7,400.4,5,101.8
427,14.25,224,car,0.38,604.2,659.4,669.2,717.6,636.7,688.5,8,81.6
427,14.25,219,car,0.47,1371.9,570.4,1443.8,611.1,1407.9,590.7,7,88.2
427,14.25,226,car,0.57,1513.1,368.7,1590.7,432.2,1551.9,400.4,5,102.3
427,14.25,221,car,0.38,795.6,260.2,864.7,311.3,830.1,285.7,2,82.7
428,14.28,224,car,0.60,616.7,661.1,680.3,714.7,648.5,687.9,8,81.0
428,14.28,219,car,0.50,1385.7,570.0,1457.9,611.8,1421.8,590.9,7,88.0
428,14.28,226,car,0.58,1498.9,366.4,1570.9,433.2,1534.9,399.8,4,101.8
428,14.28,221,car,0.40,784.9,259.9,849.9,308.5,817.4,284.2,2,82.2
429,14.32,224,car,0.54,629.2,660.0,693.4,715.0,661.3,687.5,8,81.0
429,14.32,219,car,0.49,1397.6,568.9,1474.1,612.4,1435.9,590.6,7,87.4
429,14.32,226,car,0.62,1481.3,368.5,1553.6,432.6,1517.4,400.5,5,101.8
429,14.32,221,car,0.33,769.1,258.3,835.7,308.0,802.4,283.1,2,82.5
430,14.35,224,car,0.57,639.8,659.3,704.5,714.2,672.2,686.7,8,78.9
430,14.35,219,car,0.56,1414.0,568.4,1490.1,613.5,1452.1,590.9,7,88.6
430,14.35,226,car,0.60,1464.2,367.7,1539.8,432.5,1502.0,400.1,5,101.2
430,14.35,221,car,0.54,755.3,259.1,823.6,310.4,789.4,284.7,2,82.5
431,14.38,224,car,0.53,655.0,659.9,719.5,716.3,687.3,688.1,8,79.7
431,14.38,219,car,0.54,1426.0,567.4,1505.0,614.6,1465.5,591.0,7,88.8
431,14.38,226,car,0.61,1447.4,367.0,1522.6,430.9,1485.0,398.9,4,100.8
431,14.38,221,car,0.40,742.8,260.4,809.6,309.1,776.2,284.8,2,81.6
432,14.42,224,car,0.54,669.9,659.3,731.4,715.7,700.6,687.5,8,79.2
432,14.42,219,car,0.41,1441.0,567.5,1519.9,615.3,1480.5,591.4,7,88.1
432,14.42,226,car,0.61,1432.5,367.3,1506.2,431.5,1469.3,399.4,4,100.5
432,14.42,221,car,0.50,727.7,258.0,795.1,311.0,761.4,284.5,2,82.5
432,14.42,234,car,0.57,186.9,610.3,255.8,660.4,221.4,635.3,7,0.0
433,14.45,224,car,0.52,685.8,660.9,745.3,716.1,715.6,688.5,8,79.8
433,14.45,219,car,0.42,1453.1,566.1,1534.1,619.9,1493.6,593.0,7,86.7
433,14.45,226,car,0.64,1413.6,364.3,1492.4,432.8,1453.0,398.5,4,100.3
433,14.45,221,car,0.42,714.3,257.6,781.1,309.1,747.7,283.3,2,82.0
433,14.45,234,car,0.35,196.6,610.3,269.6,658.4,233.1,634.3,7,69.7
434,14.48,224,car,0.49,698.6,659.3,762.4,717.7,730.5,688.5,8,80.6
434,14.48,219,car,0.43,1473.3,566.4,1548.5,622.9,1510.9,594.6,7,87.6
434,14.48,226,car,0.65,1395.5,362.5,1476.0,431.3,1435.7,396.9,4,99.9
434,14.48,221,car,0.48,701.1,257.6,769.1,309.4,735.1,283.5,2,81.0
434,14.48,234,car,0.54,217.6,611.8,290.2,658.4,253.9,635.1,7,96.0
435,14.52,224,car,0.56,713.8,663.3,776.4,716.7,745.1,690.0,8,81.3
435,14.52,226,car,0.61,1381.9,365.6,1460.0,431.1,1421.0,398.4,4,98.8
435,14.52,221,car,0.44,690.3,257.0,753.7,308.2,722.0,282.6,2,80.6
435,14.52,234,car,0.37,235.4,608.4,308.0,658.9,271.7,633.7,7,99.0
436,14.55,226,car,0.59,1363.5,368.2,1442.1,431.7,1402.8,399.9,4,98.7
436,14.55,234,car,0.37,254.7,611.2,325.0,657.9,289.9,634.5,7,101.0
436,14.55,219,car,0.36,1502.7,565.6,1577.9,628.5,1540.3,597.0,7,86.9
437,14.58,226,car,0.52,1348.4,365.9,1424.6,430.9,1386.5,398.4,4,98.0
437,14.58,234,car,0.39,272.5,613.0,342.1,657.8,307.3,635.4,7,101.3
437,14.58,221,car,0.46,661.0,258.2,728.0,309.9,694.5,284.0,2,80.8
438,14.62,226,car,0.58,1331.3,367.6,1408.4,430.6,1369.8,399.1,4,98.3
438,14.62,234,car,0.33,289.6,612.6,359.7,657.8,324.6,635.2,7,101.5
439,14.65,226,car,0.57,1313.5,368.4,1391.5,431.6,1352.5,400.0,4,98.1
439,14.65,234,car,0.44,308.1,613.4,377.5,657.8,342.8,635.6,7,102.4
439,14.65,224,car,0.46,769.8,666.4,829.0,716.6,799.4,691.5,8,81.0
439,14.65,221,car,0.41,632.2,257.4,699.7,308.0,665.9,282.7,2,81.4
440,14.68,226,car,0.56,1297.7,365.8,1375.1,430.9,1336.4,398.3,4,97.8
440,14.68,234,car,0.48,325.4,614.5,393.5,657.8,359.4,636.1,7,101.8
440,14.68,224,car,0.44,783.8,664.6,843.1,718.5,813.5,691.6,8,81.0
440,14.68,220,car,0.38,1307.2,672.9,1409.0,721.0,1358.1,697.0,9,84.0
441,14.72,226,car,0.59,1279.6,365.5,1355.9,431.0,1317.7,398.2,4,98.5
441,14.72,234,car,0.49,341.6,613.9,411.4,657.8,376.5,635.8,7,101.7
441,14.72,224,car,0.37,793.3,661.1,856.8,721.4,825.0,691.2,8,80.2
441,14.72,220,car,0.37,1321.2,674.8,1424.7,722.3,1373.0,698.5,9,83.9
441,14.72,219,car,0.33,1566.3,565.4,1648.5,618.2,1607.4,591.8,7,85.5
442,14.75,226,car,0.57,1265.0,366.1,1341.7,431.3,1303.3,398.7,4,97.2
442,14.75,234,car,0.40,359.0,612.9,428.0,658.5,393.5,635.7,7,101.5
442,14.75,224,car,0.53,799.1,660.2,869.5,722.6,834.3,691.4,8,78.4
442,14.75,220,car,0.47,1335.0,674.2,1436.5,724.0,1385.8,699.1,9,83.6
442,14.75,219,car,0.39,1586.2,564.8,1664.2,615.6,1625.2,590.2,7,86.4
443,14.78,226,car,0.56,1248.5,363.0,1324.5,430.9,1286.5,397.0,4,97.8
443,14.78,234,car,0.32,376.7,613.0,445.5,659.3,411.1,636.2,7,101.8
443,14.78,224,car,0.33,815.6,657.4,885.0,721.8,850.3,689.6,8,78.8
443,14.78,220,car,0.52,1349.6,673.6,1453.2,725.7,1401.4,699.7,9,83.7
443,14.78,219,car,0.50,1603.6,564.6,1678.4,615.3,1641.0,589.9,7,86.4
444,14.82,226,car,0.57,1230.6,364.7,1306.6,429.8,1268.6,397.3,4,98.2
444,14.82,234,car,0.39,392.6,612.3,463.0,661.1,427.8,636.7,7,101.5
444,14.82,224,car,0.53,832.7,658.0,898.2,722.1,865.4,690.1,8,80.0
444,14.82,219,car,0.41,1619.7,566.2,1693.3,615.0,1656.5,590.6,7,86.7
445,14.85,226,car,0.54,1214.6,365.5,1292.9,430.4,1253.8,398.0,4,97.8
445,14.85,234,car,0.50,409.8,611.9,479.6,662.8,444.7,637.4,7,101.4
445,14.85,224,car,0.54,847.7,656.5,910.9,719.5,879.3,688.0,8,80.4
445,14.85,219,car,0.35,1633.4,565.7,1708.8,615.3,1671.1,590.5,7,86.3
446,14.88,226,car,0.56,1198.8,364.7,1275.1,430.8,1236.9,397.8,4,98.0
446,14.88,234,car,0.35,426.6,612.4,496.4,662.4,461.5,637.4,7,103.6
446,14.88,224,car,0.61,859.7,656.6,922.7,720.8,891.2,688.7,8,80.8
446,14.88,219,car,0.47,1650.5,564.4,1722.8,615.6,1686.6,590.0,7,86.8
447,14.92,226,car,0.59,1180.5,364.0,1259.3,429.5,1219.9,396.7,4,97.9
447,14.92,224,car,0.46,871.9,657.1,937.5,722.9,904.7,690.0,8,80.2
447,14.92,219,car,0.57,1664.5,565.4,1738.0,616.0,1701.2,590.7,7,87.0
448,14.95,226,car,0.58,1165.3,363.4,1245.9,431.9,1205.6,397.7,4,97.7
448,14.95,224,car,0.39,887.4,656.9,952.5,723.6,920.0,690.3,8,80.9
448,14.95,219,car,0.40,1680.9,566.0,1752.7,616.4,1716.8,591.2,7,86.8
448,14.95,234,car,0.42,461.4,613.5,531.6,662.0,496.5,637.7,7,102.2
449,14.98,226,car,0.54,1147.0,363.5,1227.8,431.6,1187.4,397.5,4,97.8
449,14.98,224,car,0.49,902.3,660.1,965.9,724.8,934.1,692.4,8,80.6
449,14.98,219,car,0.50,1694.6,566.4,1767.4,617.6,1731.0,592.0,7,87.0
449,14.98,234,car,0.31,479.3,614.0,549.1,662.1,514.2,638.1,7,102.2
450,15.02,226,car,0.59,1130.5,363.1,1209.3,431.2,1169.9,397.2,4,98.3
450,15.02,224,car,0.35,914.0,659.6,978.9,725.8,946.4,692.7,8,79.6
450,15.02,219,car,0.53,1708.8,566.2,1783.5,620.9,1746.1,593.5,7,87.1
450,15.02,234,car,0.36,496.0,612.8,564.4,660.7,530.2,636.7,7,101.3
450,15.02,236,car,0.47,1445.6,671.2,1556.5,731.4,1501.1,701.3,9,0.0
451,15.05,226,car,0.53,1115.5,362.9,1191.5,431.2,1153.5,397.0,4,98.2
451,15.05,224,car,0.37,930.2,668.9,993.4,726.8,961.8,697.9,9,80.0
451,15.05,219,car,0.43,1724.8,565.8,1797.5,622.6,1761.1,594.2,7,87.7
451,15.05,234,car,0.48,510.8,613.6,581.7,660.4,546.3,637.0,7,100.7
452,15.08,226,car,0.57,1098.5,363.9,1175.6,431.7,1137.1,397.8,4,97.8
452,15.08,224,car,0.31,943.0,664.6,1007.9,727.9,975.4,696.2,9,79.9
452,15.08,219,car,0.47,1738.7,566.4,1813.0,621.4,1775.8,593.9,7,86.8
452,15.08,234,car,0.50,528.4,613.4,600.4,661.1,564.4,637.3,7,101.0
453,15.12,226,car,0.60,1082.6,364.5,1159.3,431.5,1121.0,398.0,4,97.8
453,15.12,224,car,0.39,955.2,665.1,1019.1,728.4,987.2,696.7,9,78.9
453,15.12,219,car,0.52,1752.7,567.1,1828.6,619.8,1790.7,593.4,7,86.9
453,15.12,234,car,0.49,547.6,612.2,617.6,661.4,582.6,636.8,7,101.0
454,15.15,226,car,0.52,1066.2,364.3,1141.4,431.2,1103.8,397.7,4,97.1
454,15.15,224,car,0.45,968.6,664.5,1035.8,728.6,1002.2,696.5,9,80.4
454,15.15,219,car,0.30,1767.8,567.9,1841.9,620.4,1804.8,594.1,7,89.6
454,15.15,234,car,0.53,560.4,612.4,632.7,661.8,596.5,637.1,7,99.9
455,15.18,226,car,0.59,1049.3,365.6,1125.5,431.6,1087.4,398.6,4,98.0
455,15.18,224,car,0.44,983.5,667.2,1049.6,728.2,1016.6,697.7,9,82.7
455,15.18,219,car,0.40,1782.5,567.5,1857.2,617.6,1819.8,592.6,7,88.3
455,15.18,234,car,0.53,578.6,611.1,651.3,662.7,615.0,636.9,7,100.5
456,15.22,226,car,0.62,1033.7,364.9,1109.2,432.4,1071.4,398.7,4,97.6
456,15.22,224,car,0.47,995.5,665.5,1060.8,728.1,1028.1,696.8,9,80.8
456,15.22,219,car,0.47,1798.8,569.4,1871.6,616.7,1835.2,593.1,7,88.1
456,15.22,234,car,0.57,596.4,607.5,669.3,664.1,632.8,635.8,7,100.9
457,15.25,226,car,0.58,1015.0,364.0,1092.6,431.8,1053.8,397.9,4,97.5
457,15.25,224,car,0.40,1009.5,662.4,1075.5,728.5,1042.5,695.4,8,80.4
457,15.25,219,car,0.43,1810.1,570.1,1885.6,616.1,1847.8,593.1,7,86.8
457,15.25,234,car,0.61,610.7,608.2,682.7,664.0,646.7,636.1,7,99.3
458,15.28,226,car,0.60,1000.0,365.4,1077.9,432.3,1038.9,398.8,4,97.5
458,15.28,224,car,0.54,1025.2,663.9,1090.4,727.7,1057.8,695.8,8,81.1
458,15.28,234,car,0.59,628.8,609.6,700.2,666.6,664.5,638.1,7,99.7
459,15.32,226,car,0.54,984.5,364.4,1061.6,431.8,1023.0,398.1,4,97.1
459,15.32,224,car,0.57,1035.8,664.3,1106.1,727.7,1070.9,696.0,8,81.6
459,15.32,234,car,0.55,645.4,611.0,717.1,667.0,681.3,639.0,7,99.7
459,15.32,221,car,0.43,366.0,259.1,434.6,317.2,400.3,288.2,2,79.7
459,15.32,219,car,0.33,1843.5,570.4,1917.7,614.8,1880.6,592.6,7,88.3
460,15.35,226,car,0.62,964.9,361.7,1043.9,432.3,1004.4,397.0,4,97.8
460,15.35,224,car,0.50,1052.6,662.0,1119.7,726.3,1086.2,694.2,8,82.4
460,15.35,234,car,0.52,663.4,613.4,734.5,665.9,698.9,639.6,7,100.0
460,15.35,221,car,0.33,354.8,260.2,420.7,315.4,387.8,287.8,2,79.3
461,15.38,226,car,0.62,951.1,364.8,1029.3,432.5,990.2,398.7,4,97.7
461,15.38,224,car,0.52,1066.4,660.1,1131.4,726.1,1098.9,693.1,8,81.2
461,15.38,221,car,0.54,339.5,260.2,409.1,316.8,374.3,288.5,2,79.1
462,15.42,226,car,0.54,934.6,363.6,1011.6,432.2,973.1,397.9,4,97.3
462,15.42,224,car,0.46,1076.6,658.3,1144.7,725.6,1110.6,691.9,8,80.1
462,15.42,234,car,0.59,697.0,615.0,773.1,664.0,735.0,639.5,7,100.5
463,15.45,226,car,0.62,916.1,363.5,996.9,433.0,956.5,398.3,4,96.8
463,15.45,224,car,0.37,1089.8,656.8,1157.6,724.9,1123.7,690.8,8,80.5
463,15.45,237,car,0.46,0.0,663.9,44.3,724.7,22.2,694.3,8,0.0
463,15.45,234,car,0.35,716.1,615.8,786.0,663.0,751.0,639.4,7,99.8
463,15.45,221,car,0.51,314.4,260.5,382.7,315.8,348.6,288.1,2,79.0
464,15.48,226,car,0.58,902.4,364.4,981.0,432.0,941.7,398.2,4,96.1
464,15.48,224,car,0.30,1104.1,657.9,1171.3,725.7,1137.7,691.8,8,79.9
464,15.48,237,car,0.36,0.2,664.9,52.9,723.3,26.6,694.1,8,26.1
465,15.52,226,car,0.58,884.2,363.7,964.7,432.7,924.4,398.2,4,96.5
465,15.52,224,car,0.33,1121.7,659.6,1185.6,725.4,1153.7,692.5,8,80.9
465,15.52,237,car,0.36,1.6,664.7,65.5,724.1,33.6,694.4,8,33.6
465,15.52,234,car,0.51,749.5,616.4,821.6,662.9,785.5,639.7,7,100.4
465,15.52,221,car,0.32,286.7,259.9,355.6,314.5,321.1,287.2,2,78.9
466,15.55,226,car,0.57,866.1,362.8,948.3,432.4,907.2,397.6,4,97.0
466,15.55,224,car,0.48,1134.4,660.4,1199.8,726.2,1167.1,693.3,8,81.7
466,15.55,234,car,0.46,769.3,616.8,837.6,662.8,803.4,639.8,7,101.1
467,15.59,226,car,0.55,849.3,364.5,930.5,431.8,889.9,398.2,4,97.1
467,15.59,221,car,0.34,263.2,258.1,328.1,317.8,295.6,288.0,2,78.7
468,15.62,226,car,0.59,834.0,364.7,915.3,432.1,874.6,398.4,4,96.6
468,15.62,240,car,0.39,1704.6,682.2,1820.2,736.1,1762.4,709.2,9,0.0
468,15.62,221,car,0.37,245.1,256.1,313.8,315.3,279.5,285.7,2,79.2
468,15.62,234,car,0.50,802.5,616.1,872.6,663.4,837.6,639.7,7,100.7
469,15.65,226,car,0.51,819.3,363.7,897.2,431.6,858.2,397.7,4,96.8
469,15.65,240,car,0.50,1719.4,678.9,1834.2,734.7,1776.8,706.8,9,86.1
469,15.65,242,car,0.47,43.0,660.9,116.3,726.6,79.6,693.7,8,0.0
469,15.65,234,car,0.58,819.0,614.1,892.8,663.2,855.9,638.7,7,100.8
470,15.69,226,car,0.52,804.9,366.0,882.3,430.9,843.6,398.5,4,95.4
470,15.69,240,car,0.55,1737.1,680.1,1849.5,733.7,1793.3,706.9,9,91.4
470,15.69,242,car,0.46,50.9,662.2,125.0,726.2,87.9,694.2,8,48.9
470,15.69,234,car,0.54,837.7,609.7,909.2,663.8,873.4,636.8,7,102.1
470,15.69,221,car,0.32,220.6,256.7,287.6,312.5,254.1,284.6,2,78.8
471,15.72,226,car,0.53,789.3,365.6,866.0,431.7,827.6,398.6,4,95.9
471,15.72,240,car,0.61,1753.5,680.8,1865.7,731.7,1809.6,706.3,9,93.0
471,15.72,242,car,0.39,67.6,665.2,137.7,725.2,102.7,695.2,8,68.0
471,15.72,234,car,0.49,850.1,609.8,923.8,662.7,886.9,636.3,7,100.3
472,15.75,226,car,0.51,770.8,362.6,849.9,430.6,810.4,396.6,4,96.5
472,15.75,240,car,0.61,1768.8,680.9,1881.6,732.4,1825.2,706.7,9,92.7
472,15.75,242,car,0.47,82.8,666.6,149.1,724.8,116.0,695.7,8,71.5
472,15.75,234,car,0.53,867.0,609.5,940.6,663.3,903.8,636.4,7,99.9
472,15.75,224,car,0.34,1217.8,671.7,1286.9,732.6,1252.3,702.1,9,82.0
472,15.75,221,car,0.52,192.4,256.8,260.9,307.2,226.6,282.0,2,78.8
473,15.79,226,car,0.53,755.6,363.6,835.1,430.4,795.3,397.0,4,94.9
473,15.79,240,car,0.58,1783.9,681.7,1895.5,732.7,1839.7,707.2,9,91.2
473,15.79,242,car,0.32,94.6,666.0,162.1,725.8,128.4,695.9,8,71.9
473,15.79,234,car,0.55,886.5,611.2,961.2,664.5,923.9,637.8,7,102.2
473,15.79,224,car,0.46,1230.3,665.1,1301.4,733.6,1265.9,699.4,9,81.7
473,15.79,221,car,0.44,176.9,256.9,248.9,308.3,212.9,282.6,2,79.0
474,15.82,226,car,0.58,740.5,361.7,821.0,431.0,780.7,396.4,4,95.1
474,15.82,240,car,0.51,1798.6,680.0,1913.0,733.2,1855.8,706.6,9,91.9
474,15.82,242,car,0.49,104.0,665.7,173.8,724.0,138.9,694.9,8,69.9
474,15.82,234,car,0.50,905.7,613.2,977.5,663.8,941.6,638.5,7,102.2
474,15.82,224,car,0.49,1243.0,667.3,1316.2,734.1,1279.6,700.7,9,82.4
474,15.82,221,car,0.53,166.7,258.2,236.1,310.1,201.4,284.1,2,78.8
475,15.85,226,car,0.57,723.5,362.3,801.9,431.3,762.7,396.8,4,95.5
475,15.85,242,car,0.49,117.6,664.7,186.8,724.0,152.2,694.3,8,71.3
475,15.85,234,car,0.48,919.8,612.7,992.8,663.1,956.3,637.9,7,101.4
475,15.85,224,car,0.44,1258.4,667.1,1330.2,734.0,1294.3,700.6,9,82.5
475,15.85,221,car,0.39,149.9,257.2,222.4,314.9,186.1,286.0,2,78.9
476,15.89,226,car,0.55,707.6,364.5,784.3,430.9,745.9,397.7,4,95.6
476,15.89,242,car,0.51,129.0,666.2,194.7,724.8,161.9,695.5,8,69.3
476,15.89,234,car,0.59,938.2,612.1,1011.5,663.3,974.8,637.7,7,101.7
476,15.89,224,car,0.56,1273.7,664.5,1345.4,732.3,1309.6,698.4,9,82.5
476,15.89,221,car,0.54,139.7,257.3,209.0,312.8,174.4,285.1,2,78.4
476,15.89,240,car,0.55,1829.1,679.9,1920.0,734.1,1874.5,707.0,9,82.7
477,15.92,226,car,0.56,692.5,364.7,770.4,430.8,731.4,397.8,4,95.4
477,15.92,242,car,0.39,139.4,666.5,204.0,723.7,171.7,695.1,8,67.9
477,15.92,234,car,0.46,957.2,612.1,1028.4,663.3,992.8,637.7,7,101.4
477,15.92,224,car,0.59,1283.2,665.1,1358.1,731.8,1320.7,698.5,9,81.9
477,15.92,221,car,0.57,126.1,255.4,196.4,314.4,161.3,284.9,2,78.4
477,15.92,240,car,0.59,1843.6,676.7,1920.0,735.7,1881.8,706.2,9,78.3
478,15.95,226,car,0.53,676.8,363.6,750.9,430.3,713.8,396.9,4,95.6
478,15.95,242,car,0.50,149.7,667.0,214.6,723.3,182.2,695.1,8,67.2
478,15.95,234,car,0.30,975.5,615.5,1046.6,661.9,1011.0,638.7,7,102.3
478,15.95,224,car,0.65,1296.4,665.6,1373.3,732.7,1334.9,699.1,9,81.5
478,15.95,221,car,0.43,116.2,256.6,183.2,310.7,149.7,283.6,2,78.0
478,15.95,240,car,0.61,1859.9,676.2,1920.0,736.2,1889.9,706.2,9,75.3
479,15.99,226,car,0.45,657.4,364.5,734.9,430.3,696.2,397.4,4,95.8
479,15.99,242,car,0.31,165.2,667.5,230.2,723.2,197.7,695.4,8,69.6
479,15.99,234,car,0.56,989.4,613.2,1062.8,663.0,1026.1,638.1,7,101.4
479,15.99,224,car,0.60,1312.2,665.5,1383.4,732.0,1347.8,698.7,9,81.6
479,15.99,221,car,0.56,102.9,255.6,169.9,311.2,136.4,283.4,2,78.0
480,16.02,226,car,0.54,642.0,364.7,721.2,431.1,681.6,397.9,4,94.5
480,16.02,242,car,0.57,177.4,668.2,243.3,724.3,210.4,696.2,9,70.1
480,16.02,234,car,0.48,1009.2,613.2,1082.0,663.7,1045.6,638.4,7,102.0
480,16.02,224,car,0.59,1327.2,666.6,1392.6,731.3,1359.9,699.0,9,81.7
480,16.02,221,car,0.56,85.8,255.2,156.4,312.7,121.1,284.0,2,78.9
481,16.05,226,car,0.42,626.2,362.7,702.7,430.9,664.5,396.8,4,95.4
481,16.05,242,car,0.53,191.6,667.8,256.4,723.2,224.0,695.5,8,71.0
481,16.05,234,car,0.41,1027.2,613.2,1104.1,663.9,1065.7,638.5,7,103.5
481,16.05,224,car,0.39,1343.5,669.4,1410.2,731.1,1376.9,700.2,9,83.0
481,16.05,221,car,0.59,73.3,255.0,143.4,312.4,108.3,283.7,2,78.5
482,16.09,226,car,0.41,609.8,364.5,687.2,430.4,648.5,397.5,4,95.2
482,16.09,242,car,0.57,201.1,666.0,267.1,723.7,234.1,694.8,8,70.1
482,16.09,234,car,0.49,1041.6,610.3,1117.2,663.6,1079.4,637.0,7,101.4
482,16.09,221,car,0.55,55.4,252.8,129.8,313.6,92.6,283.2,2,79.9
483,16.12,226,car,0.58,594.4,365.0,672.9,431.0,633.6,398.0,4,95.3
483,16.12,242,car,0.41,210.0,664.1,279.1,723.3,244.5,693.7,8,71.1
483,16.12,234,car,0.49,1060.0,608.9,1134.2,664.1,1097.1,636.5,7,101.5
483,16.12,221,car,0.57,44.3,252.6,117.4,313.8,80.9,283.2,2,78.1
483,16.12,224,car,0.57,1376.7,669.3,1440.5,730.1,1408.6,699.7,9,84.1
484,16.15,226,car,0.43,578.0,362.4,655.5,430.9,616.7,396.7,4,95.7
484,16.15,242,car,0.50,220.6,664.6,290.0,723.1,255.3,693.9,8,69.3
484,16.15,234,car,0.54,1076.2,611.8,1152.2,665.7,1114.2,638.8,7,103.1
484,16.15,221,car,0.51,28.8,254.4,103.6,313.0,66.2,283.7,2,79.2
484,16.15,224,car,0.49,1386.6,668.6,1455.6,731.1,1421.1,699.9,9,83.1
485,16.19,226,car,0.44,561.0,364.4,639.0,430.9,600.0,397.6,4,95.5
485,16.19,242,car,0.46,233.7,661.5,298.5,723.1,266.1,692.3,8,68.1
485,16.19,234,car,0.55,1090.1,613.2,1168.3,665.9,1129.2,639.6,7,102.3
485,16.19,221,car,0.46,20.2,255.9,91.0,313.6,55.6,284.7,2,77.6
485,16.19,224,car,0.60,1394.1,664.0,1470.1,730.6,1432.1,697.3,9,82.3
486,16.22,226,car,0.56,544.3,363.2,624.5,431.8,584.4,397.5,4,95.7
486,16.22,242,car,0.48,245.3,662.5,310.5,723.5,277.9,693.0,8,67.9
486,16.22,234,car,0.52,1107.7,612.0,1184.3,665.4,1146.0,638.7,7,100.8
486,16.22,221,car,0.53,3.2,254.2,76.3,313.1,39.8,283.6,2,78.6
486,16.22,224,car,0.56,1411.6,664.6,1485.2,731.0,1448.4,697.8,9,82.6
487,16.25,226,car,0.39,527.6,361.4,608.2,430.5,567.9,395.9,4,96.6
487,16.25,242,car,0.42,258.4,663.6,321.7,722.9,290.0,693.3,8,68.6
487,16.25,234,car,0.58,1125.9,609.9,1203.5,665.9,1164.7,637.9,7,101.2
487,16.25,221,car,0.47,0.0,255.9,63.3,310.9,31.6,283.4,2,77.0
487,16.25,224,car,0.57,1424.4,666.8,1498.1,730.4,1461.3,698.6,9,82.3
488,16.29,226,car,0.48,510.1,362.7,593.4,430.8,551.8,396.8,4,95.7
488,16.29,242,car,0.46,267.7,665.9,334.1,723.2,300.9,694.6,8,67.5
488,16.29,234,car,0.40,1147.2,609.5,1219.8,664.3,1183.5,636.9,7,103.1
488,16.29,224,car,0.65,1438.6,665.1,1510.6,730.2,1474.6,697.7,9,82.2
489,16.32,226,car,0.50,494.5,364.4,576.5,431.1,535.5,397.8,4,95.5
489,16.32,242,car,0.49,278.6,668.7,344.3,722.8,311.4,695.8,8,67.9
489,16.32,234,car,0.41,1164.7,609.3,1236.2,662.6,1200.4,636.0,7,102.4
489,16.32,224,car,0.56,1452.8,666.6,1524.2,729.5,1488.5,698.0,9,81.9
490,16.35,226,car,0.44,480.5,363.1,559.9,431.0,520.2,397.0,4,95.9
490,16.35,242,car,0.42,289.8,666.4,355.6,722.7,322.7,694.6,8,68.5
490,16.35,234,car,0.34,1182.6,610.4,1253.7,661.9,1218.1,636.2,7,102.3
490,16.35,224,car,0.64,1467.2,666.1,1539.5,729.2,1503.4,697.6,9,81.7
491,16.39,226,car,0.31,464.1,363.3,541.8,431.6,502.9,397.5,4,95.7
491,16.39,242,car,0.48,301.0,665.3,367.0,723.2,334.0,694.3,8,68.9
491,16.39,234,car,0.53,1199.8,611.9,1273.9,662.3,1236.9,637.1,7,102.5
491,16.39,224,car,0.64,1482.8,666.9,1556.4,729.4,1519.6,698.1,9,83.8
492,16.42,242,car,0.46,312.7,665.5,380.3,724.1,346.5,694.8,8,67.5
492,16.42,234,car,0.45,1216.5,609.1,1290.3,662.0,1253.4,635.5,7,103.2
492,16.42,224,car,0.70,1497.1,666.9,1569.9,728.7,1533.5,697.8,9,83.7
493,16.45,242,car,0.55,322.9,667.9,391.8,724.1,357.4,696.0,9,66.7
493,16.45,234,car,0.58,1231.0,607.3,1305.3,661.7,1268.1,634.5,7,101.0
493,16.45,224,car,0.70,1511.5,664.9,1582.0,728.5,1546.8,696.7,9,83.8
494,16.49,242,car,0.59,334.5,666.8,402.5,723.6,368.5,695.2,8,65.6
494,16.49,234,car,0.54,1249.5,606.0,1323.8,662.0,1286.6,634.0,7,100.3
494,16.49,224,car,0.68,1522.3,664.6,1594.8,728.3,1558.5,696.5,9,83.7
494,16.49,226,car,0.33,421.1,364.2,491.3,429.6,456.2,396.9,4,94.4
495,16.52,242,car,0.54,344.3,667.5,413.1,724.6,378.7,696.0,9,65.6
495,16.52,234,car,0.54,1267.7,603.5,1345.2,663.3,1306.5,633.4,7,103.1
495,16.52,224,car,0.68,1537.1,667.0,1609.7,729.1,1573.4,698.0,9,82.8
495,16.52,226,car,0.59,399.9,364.8,478.0,430.3,439.0,397.6,4,95.4
496,16.55,242,car,0.54,356.1,666.7,425.5,725.0,390.8,695.9,8,66.4
496,16.55,234,car,0.39,1282.0,604.8,1362.2,663.3,1322.1,634.1,7,102.1
496,16.55,224,car,0.60,1553.6,667.1,1625.4,731.1,1589.5,699.1,9,82.1
496,16.55,226,car,0.49,385.3,364.5,461.8,429.2,423.5,396.8,4,94.8
497,16.59,242,car,0.62,365.8,667.8,437.5,725.3,401.6,696.5,9,66.4
497,16.59,234,car,0.56,1300.6,607.0,1377.6,664.2,1339.1,635.6,7,102.1
497,16.59,224,car,0.62,1569.7,670.3,1640.9,731.9,1605.3,701.1,9,83.6
497,16.59,226,car,0.36,368.6,365.2,445.2,428.9,406.9,397.0,4,95.0
498,16.62,242,car,0.58,378.8,668.7,449.3,725.3,414.1,697.0,9,67.2
498,16.62,234,car,0.51,1321.1,610.1,1392.4,663.8,1356.7,637.0,7,103.3
498,16.62,224,car,0.61,1582.8,668.4,1653.7,733.9,1618.3,701.2,9,84.5
498,16.62,226,car,0.42,353.8,367.7,430.3,428.6,392.1,398.1,4,95.0
499,16.65,242,car,0.63,389.1,669.8,461.3,724.7,425.2,697.2,9,66.9
499,16.65,234,car,0.38,1341.3,610.6,1412.0,663.1,1376.6,636.9,7,104.7
499,16.65,224,car,0.58,1598.1,667.6,1667.2,732.8,1632.7,700.2,9,83.6
500,16.69,242,car,0.65,402.5,668.3,472.0,723.8,437.2,696.1,9,66.8
500,16.69,234,car,0.41,1360.1,611.6,1429.6,662.3,1394.9,637.0,7,104.5
500,16.69,224,car,0.63,1611.8,671.6,1683.0,733.5,1647.4,702.5,9,84.5
500,16.69,226,car,0.40,316.4,367.6,398.2,424.2,357.3,395.9,4,95.7
501,16.72,242,car,0.61,412.4,666.0,483.8,723.7,448.1,694.9,8,66.8
501,16.72,234,car,0.47,1377.9,611.4,1447.7,662.8,1412.8,637.1,7,104.0
501,16.72,224,car,0.52,1625.2,672.5,1695.5,733.2,1660.3,702.8,9,84.3
501,16.72,226,car,0.50,301.0,365.5,387.2,426.0,344.1,395.7,4,94.4
502,16.75,242,car,0.56,421.5,663.9,493.6,723.7,457.5,693.8,8,66.3
502,16.75,224,car,0.56,1640.0,671.4,1711.9,733.5,1675.9,702.4,9,85.1
502,16.75,226,car,0.33,285.1,364.0,370.0,426.2,327.5,395.1,4,94.7
503,16.79,242,car,0.54,434.2,664.1,506.0,724.8,470.1,694.5,8,66.9
503,16.79,224,car,0.64,1655.0,669.4,1725.9,733.4,1690.5,701.4,9,84.9
503,16.79,226,car,0.30,268.8,368.1,349.5,429.4,309.1,398.7,4,95.4
504,16.82,242,car,0.42,448.2,662.3,515.4,724.3,481.8,693.3,8,67.1
504,16.82,224,car,0.62,1668.9,671.1,1738.9,732.8,1703.9,701.9,9,83.7
504,16.82,226,car,0.42,256.3,366.6,333.7,428.3,295.0,397.4,4,94.7
505,16.85,242,car,0.50,460.5,666.3,527.7,725.5,494.1,695.9,8,67.0
505,16.85,224,car,0.68,1680.9,669.3,1752.5,733.3,1716.7,701.3,9,83.1
505,16.85,226,car,0.35,240.8,365.8,318.4,424.7,279.6,395.2,4,94.4
505,16.85,234,car,0.34,1443.0,608.2,1518.0,664.9,1480.5,636.6,7,103.3
506,16.89,242,car,0.54,472.7,666.8,538.3,724.9,505.5,695.9,8,67.2
506,16.89,224,car,0.52,1697.8,670.2,1766.9,735.0,1732.4,702.6,9,84.3
506,16.89,226,car,0.35,224.2,367.7,303.3,425.5,263.7,396.6,4,94.6
507,16.92,242,car,0.55,482.2,663.1,551.2,725.3,516.7,694.2,8,67.2
507,16.92,224,car,0.68,1709.4,671.1,1784.1,735.1,1746.8,703.1,9,85.5
507,16.92,234,car,0.47,1478.6,611.2,1557.5,662.9,1518.1,637.1,7,104.1
508,16.95,242,car,0.56,494.3,664.7,561.6,725.5,527.9,695.1,8,67.7
508,16.95,224,car,0.70,1724.8,670.8,1798.2,734.7,1761.5,702.8,9,85.4
508,16.95,234,car,0.36,1495.4,609.3,1571.9,661.0,1533.6,635.2,7,103.0
509,16.99,242,car,0.49,505.9,664.6,573.1,725.2,539.5,694.9,8,67.5
509,16.99,224,car,0.70,1736.9,668.4,1811.9,734.0,1774.4,701.2,9,83.9
509,16.99,234,car,0.55,1511.8,609.2,1588.5,660.9,1550.1,635.0,7,103.0
510,17.02,242,car,0.56,517.0,666.8,583.6,725.8,550.3,696.3,9,67.4
510,17.02,224,car,0.67,1751.0,670.0,1827.5,734.2,1789.3,702.1,9,83.5
510,17.02,226,car,0.40,161.8,365.8,239.7,429.3,200.8,397.6,4,93.8
511,17.05,242,car,0.51,527.5,663.1,596.2,725.4,561.8,694.3,8,67.1
511,17.05,224,car,0.62,1766.7,670.7,1841.3,734.6,1804.0,702.7,9,84.3
511,17.05,226,car,0.37,146.8,364.9,225.2,428.8,186.0,396.9,4,93.8
512,17.09,242,car,0.58,539.8,663.2,608.4,725.4,574.1,694.3,8,67.6
512,17.09,224,car,0.67,1782.2,669.9,1856.9,733.5,1819.6,701.7,9,84.8
513,17.12,242,car,0.57,551.9,662.1,620.7,725.8,586.3,693.9,8,67.6
513,17.12,224,car,0.65,1797.5,671.7,1871.7,733.0,1834.6,702.3,9,84.9
513,17.12,226,car,0.39,115.5,362.1,196.1,428.8,155.8,395.4,4,92.8
514,17.15,242,car,0.58,561.3,663.7,631.2,727.4,596.3,695.5,8,67.2
514,17.15,224,car,0.60,1812.4,669.2,1883.7,733.2,1848.0,701.2,9,85.2
515,17.19,242,car,0.56,572.0,662.3,642.7,728.2,607.4,695.3,8,68.0
515,17.19,224,car,0.51,1826.4,672.6,1899.5,733.2,1862.9,702.9,9,84.8
516,17.22,242,car,0.59,581.8,662.0,655.1,728.3,618.4,695.2,8,67.3
516,17.22,224,car,0.44,1844.1,674.0,1915.5,733.4,1879.8,703.7,9,85.9
516,17.22,226,car,0.31,65.1,364.8,150.4,426.9,107.7,395.9,4,93.1
517,17.25,242,car,0.59,594.1,663.9,667.3,727.3,630.7,695.6,8,67.6
517,17.25,224,car,0.41,1858.7,674.8,1920.0,735.0,1889.4,704.9,9,84.2
517,17.25,248,car,0.52,189.8,657.5,249.0,707.2,219.4,682.4,8,0.0
518,17.29,242,car,0.56,606.2,664.3,679.4,726.2,642.8,695.2,8,67.5
518,17.29,224,car,0.41,1873.9,670.4,1920.0,739.4,1896.9,704.9,9,81.8
518,17.29,248,car,0.44,196.9,655.9,259.5,708.4,228.2,682.1,8,52.3
519,17.32,242,car,0.59,618.1,663.1,688.3,725.2,653.2,694.2,8,67.0
519,17.32,248,car,0.41,204.2,652.1,272.3,707.6,238.3,679.9,8,56.2
520,17.35,242,car,0.58,629.1,660.9,700.0,725.8,664.5,693.3,8,67.1
520,17.35,248,car,0.35,221.5,651.4,284.4,709.2,253.0,680.3,8,66.2
520,17.35,226,car,0.40,0.2,364.3,83.4,427.9,41.8,396.1,4,93.6
521,17.39,242,car,0.43,637.8,662.0,708.9,724.4,673.4,693.2,8,66.0
521,17.39,248,car,0.44,235.7,651.7,297.8,709.1,266.8,680.4,8,69.9
521,17.39,226,car,0.40,0.0,365.7,65.1,431.3,32.6,398.5,4,92.2
522,17.42,242,car,0.43,648.9,663.4,720.7,725.9,684.8,694.7,8,65.9
522,17.42,248,car,0.46,246.1,649.9,309.8,708.1,277.9,679.0,8,69.2
523,17.45,242,car,0.32,660.7,663.4,730.6,727.0,695.6,695.2,8,66.0
523,17.45,248,car,0.47,259.6,650.5,322.6,707.7,291.1,679.1,8,70.6
